CREATE DATABASE  IF NOT EXISTS `vcommute-business` /*!40100 DEFAULT CHARACTER SET utf8mb4 COLLATE utf8mb4_0900_ai_ci */ /*!80016 DEFAULT ENCRYPTION='N' */;
USE `vcommute-business`;
-- MySQL dump 10.13  Distrib 8.0.41, for Win64 (x86_64)
--
-- Host: localhost    Database: vcommute-business
-- ------------------------------------------------------
-- Server version	8.0.41

/*!40101 SET @OLD_CHARACTER_SET_CLIENT=@@CHARACTER_SET_CLIENT */;
/*!40101 SET @OLD_CHARACTER_SET_RESULTS=@@CHARACTER_SET_RESULTS */;
/*!40101 SET @OLD_COLLATION_CONNECTION=@@COLLATION_CONNECTION */;
/*!50503 SET NAMES utf8 */;
/*!40103 SET @OLD_TIME_ZONE=@@TIME_ZONE */;
/*!40103 SET TIME_ZONE='+00:00' */;
/*!40014 SET @OLD_UNIQUE_CHECKS=@@UNIQUE_CHECKS, UNIQUE_CHECKS=0 */;
/*!40014 SET @OLD_FOREIGN_KEY_CHECKS=@@FOREIGN_KEY_CHECKS, FOREIGN_KEY_CHECKS=0 */;
/*!40101 SET @OLD_SQL_MODE=@@SQL_MODE, SQL_MODE='NO_AUTO_VALUE_ON_ZERO' */;
/*!40111 SET @OLD_SQL_NOTES=@@SQL_NOTES, SQL_NOTES=0 */;

--
-- Table structure for table `login_history`
--

DROP TABLE IF EXISTS `login_history`;
/*!40101 SET @saved_cs_client     = @@character_set_client */;
/*!50503 SET character_set_client = utf8mb4 */;
CREATE TABLE `login_history` (
  `id` bigint NOT NULL AUTO_INCREMENT,
  `name` varchar(255) DEFAULT NULL,
  `company_id` int DEFAULT NULL,
  `ip_address` varchar(255) DEFAULT NULL,
  `login_time` datetime DEFAULT NULL,
  `logout_time` datetime DEFAULT NULL,
  `session_id` varchar(255) DEFAULT NULL,
  `super_company_id` int DEFAULT NULL,
  `user_id` bigint DEFAULT NULL,
  PRIMARY KEY (`id`)
) ENGINE=InnoDB AUTO_INCREMENT=287 DEFAULT CHARSET=utf8mb4 COLLATE=utf8mb4_0900_ai_ci;
/*!40101 SET character_set_client = @saved_cs_client */;

--
-- Dumping data for table `login_history`
--

LOCK TABLES `login_history` WRITE;
/*!40000 ALTER TABLE `login_history` DISABLE KEYS */;
INSERT INTO `login_history` VALUES (1,'Vareli',0,'0:0:0:0:0:0:0:1','2025-04-02 12:27:59',NULL,'79B555AD41C6A91061AD01DDD4CCC7A8',0,1),(2,'Vareli',0,'0:0:0:0:0:0:0:1','2025-04-02 12:28:57',NULL,'B7ED99DE8411267A5CE2C88D67BCAE74',0,1),(3,'Vareli',0,'0:0:0:0:0:0:0:1','2025-04-02 12:37:02',NULL,'67B484F97802143E433538FEFC8D86FF',0,1),(4,'Vareli',0,'0:0:0:0:0:0:0:1','2025-04-02 13:08:07',NULL,'41D721C2BA8651DD005026802E8D1FA4',0,1),(5,'Vareli',0,'0:0:0:0:0:0:0:1','2025-04-02 14:35:44',NULL,'DD4479D79349E0CCD3A971E22AF5EF89',0,1),(6,'Vareli',0,'0:0:0:0:0:0:0:1','2025-04-02 14:42:47',NULL,'16CBE7A8136D550AB0E2F967909F37AC',0,1),(7,'Vareli',0,'0:0:0:0:0:0:0:1','2025-04-02 15:11:40',NULL,'2FB4B32E248C3A8B1278F9A2ADD31884',0,1),(8,'Vareli',0,'0:0:0:0:0:0:0:1','2025-04-02 15:25:02','2025-04-02 16:02:49','7C387269603A18AF567104876D099E04',0,1),(9,'Vareli',0,'0:0:0:0:0:0:0:1','2025-04-02 16:07:59',NULL,'DE7D45E6C523759CAEA30A2FDD76D609',0,1),(10,'Vareli',0,'0:0:0:0:0:0:0:1','2025-04-02 16:17:37','2025-04-02 17:41:46','F3C80942A225024F443BCD30455CFE51',0,1),(11,'Vareli',0,'0:0:0:0:0:0:0:1','2025-04-02 17:55:29',NULL,'374EC199876E1F7F9013A09374FA1140',0,1),(12,'Vareli',0,'0:0:0:0:0:0:0:1','2025-04-03 10:30:59',NULL,'8DA89488D56B1AD19C29B6DBE206EFA3',0,1),(13,'Vareli',0,'0:0:0:0:0:0:0:1','2025-04-03 10:32:42',NULL,'17C75198F1388A105F498458E143981A',0,1),(14,'Vareli',0,'0:0:0:0:0:0:0:1','2025-04-03 10:37:45',NULL,'B8DB2CA8290D8EB6A5D670B6CE2A7B84',0,1),(15,'Vareli',0,'0:0:0:0:0:0:0:1','2025-04-03 11:37:44',NULL,'392FF9328425B00931BF00FCC476A346',0,1),(16,'Vareli',0,'0:0:0:0:0:0:0:1','2025-04-03 11:58:27',NULL,'AF6B3D36F2E235E15A96B35EE0CCE094',0,1),(17,'Vareli',0,'0:0:0:0:0:0:0:1','2025-04-03 12:09:56',NULL,'8C72DAED3B45C9286A47E5ECF0EC6093',0,1),(18,'Vareli',0,'0:0:0:0:0:0:0:1','2025-04-03 12:17:21','2025-04-03 12:21:38','AA0510C1D490AAE883E2751789E12408',0,1),(19,'Super Admin',0,'0:0:0:0:0:0:0:1','2025-04-03 12:21:40',NULL,'B9CBC14FC28569E95B47C83D1C07859F',1,2),(20,'Vareli',0,'0:0:0:0:0:0:0:1','2025-04-03 12:21:48',NULL,'0DA45A2162A8B0FB85CBED340F8B04C6',0,1),(21,'Vareli',0,'0:0:0:0:0:0:0:1','2025-04-03 12:26:36',NULL,'7F1A7850073CA0EF633C2928AAB51E9E',0,1),(22,'Vareli',0,'0:0:0:0:0:0:0:1','2025-04-03 12:26:39','2025-04-03 13:33:30','A7C18C96FC17F841531EE6B6B8F64176',0,1),(23,'Vareli',0,'0:0:0:0:0:0:0:1','2025-04-03 14:03:43','2025-04-03 14:03:55','F8799F96D8F13C2EF5DD01639DED76F2',0,1),(24,'Vareli',0,'0:0:0:0:0:0:0:1','2025-04-03 14:04:48',NULL,'3BDD2116B24123CA1A99A8DCC379509B',0,1),(25,'Vareli',0,'0:0:0:0:0:0:0:1','2025-04-03 14:37:27',NULL,'D416F65E28ABCAE01D73DCA9B5EBE5B0',0,1),(26,'Vareli',0,'0:0:0:0:0:0:0:1','2025-04-03 14:40:30',NULL,'CFF02422D4C0FFACA0C880E3DF23FBA5',0,1),(27,'Vareli',0,'0:0:0:0:0:0:0:1','2025-04-03 14:41:56',NULL,'6FAAA6E04377A68554D92FB2FE867C27',0,1),(28,'Vareli',0,'0:0:0:0:0:0:0:1','2025-04-03 14:44:13','2025-04-03 14:44:48','40DA79B50AE7CC5D271D170BDDB93BE4',0,1),(29,'Super Admin',0,'0:0:0:0:0:0:0:1','2025-04-03 14:44:52',NULL,'35F2A67BBBAF4572560E3BCECDC56A6A',1,2),(30,'Super Admin',0,'0:0:0:0:0:0:0:1','2025-04-03 14:47:13',NULL,'913B6ABF9AF7E842687248462D046F1B',1,2),(31,'Super Admin',0,'0:0:0:0:0:0:0:1','2025-04-03 14:47:43',NULL,'BA6D2A6735A8C09C0CCE76DC63E3C5D3',1,2),(32,'Super Admin',0,'0:0:0:0:0:0:0:1','2025-04-03 14:48:03',NULL,'D3D62EFF9AB77851D85A10C016F07295',1,2),(33,'Super Admin',0,'0:0:0:0:0:0:0:1','2025-04-03 14:48:24','2025-04-03 15:02:45','2B6AB7C086D4E0927F456C5E747A6931',1,2),(34,'Super Admin',0,'0:0:0:0:0:0:0:1','2025-04-03 15:02:50',NULL,'B6548B4B52825E93F51F324097F91DFF',1,2),(35,'Super Admin',0,'0:0:0:0:0:0:0:1','2025-04-03 15:12:05','2025-04-03 15:47:04','6639EA2FE7361976DCDB93999F4202E9',1,2),(36,'Super Admin',0,'0:0:0:0:0:0:0:1','2025-04-03 15:49:48',NULL,'53B9F085B65D1F289C51E134C14C9510',1,2),(37,'Super Admin',0,'0:0:0:0:0:0:0:1','2025-04-03 16:16:19',NULL,'D4B0ACF22402BCE5EB89A4689499E500',1,2),(38,'Super Admin',0,'0:0:0:0:0:0:0:1','2025-04-03 16:49:57',NULL,'C76053B96ECA5497C09091304591414C',1,2),(39,'Super Admin',0,'0:0:0:0:0:0:0:1','2025-04-03 17:03:03',NULL,'A853FF332B0B423AA55D07889D0962A1',1,2),(40,'Super Admin',0,'0:0:0:0:0:0:0:1','2025-04-03 17:10:28',NULL,'B04DCFEB65D62AAD47100012D6007E75',1,2),(41,'Super Admin',0,'0:0:0:0:0:0:0:1','2025-04-03 17:22:30',NULL,'F8F04BEE43D74E6D57484A3D1DD66891',1,2),(42,'Vareli',0,'0:0:0:0:0:0:0:1','2025-04-03 17:25:04','2025-04-03 17:30:58','DBDAA2D35DBE399FE175E93B5DE1591F',0,1),(43,'Super Admin',0,'0:0:0:0:0:0:0:1','2025-04-03 17:31:01',NULL,'16F2664B18FC1D0DC521FC509C4D2681',1,2),(44,'Super Admin',0,'0:0:0:0:0:0:0:1','2025-04-03 17:34:02',NULL,'E3D33869ABC0FFC65897A0DFB2D5DE5F',1,2),(45,'Super Admin',0,'0:0:0:0:0:0:0:1','2025-04-03 17:37:31',NULL,'3400F7B518D04E800561E5709E7304AC',1,2),(46,'Super Admin',0,'0:0:0:0:0:0:0:1','2025-04-03 17:46:19','2025-04-03 17:46:37','0B477DC160B9FB2A447ADD44D66D8CD7',1,2),(47,'Super Admin',0,'0:0:0:0:0:0:0:1','2025-04-03 17:46:48','2025-04-03 17:47:24','D049ABFAAF92B8FEA7BD996C48E4E20C',1,2),(48,'Vareli',0,'0:0:0:0:0:0:0:1','2025-04-03 17:47:30','2025-04-03 17:48:35','861D2CA59CA38DD2DACF6F6755CB4776',0,1),(49,'Super Admin',0,'0:0:0:0:0:0:0:1','2025-04-03 17:49:27','2025-04-03 17:50:42','B970EB2A325479E29E81F3D85CBA4403',1,2),(50,'Vareli',0,'0:0:0:0:0:0:0:1','2025-04-03 17:50:47',NULL,'6C4E58AC4EA98ED1605FC92E97737851',0,1),(51,'Vareli',0,'0:0:0:0:0:0:0:1','2025-04-03 17:52:57',NULL,'0E7BE23AD25D7F947EF0E2998FF14749',0,1),(52,'Vareli',0,'0:0:0:0:0:0:0:1','2025-04-03 17:55:02',NULL,'0BB763360AE9E0DBAAC6E2210E4F6EE9',0,1),(53,'Vareli',0,'0:0:0:0:0:0:0:1','2025-04-03 17:56:58',NULL,'BF764F6B4BA94DE2A5B167BBCF16AE3D',0,1),(54,'Vareli',0,'0:0:0:0:0:0:0:1','2025-04-03 18:00:47',NULL,'57D51CC617D46BA14EC2F49152F24CDE',0,1),(55,'Vareli',0,'0:0:0:0:0:0:0:1','2025-04-03 18:01:16',NULL,'0573BD1AC5CECA12EB4F2150C87AF6FC',0,1),(56,'Vareli',0,'0:0:0:0:0:0:0:1','2025-04-03 18:03:55','2025-04-03 18:05:13','A7C742F3C253BA40C651C98217AD2A1E',0,1),(57,'Vareli',0,'0:0:0:0:0:0:0:1','2025-04-04 10:26:24',NULL,'D88970B98922E839522595E3C2C89EA8',0,1),(58,'Vareli',0,'0:0:0:0:0:0:0:1','2025-04-04 10:29:55','2025-04-04 10:34:53','CBD62837931FACB160799A3E5568D9E0',0,1),(59,'Super Admin',0,'0:0:0:0:0:0:0:1','2025-04-04 10:35:06',NULL,'CCC3DF51733CBA35456C4AD24A293C9B',1,2),(60,'Super Admin',0,'0:0:0:0:0:0:0:1','2025-04-04 11:02:24',NULL,'FBA1B75A352A7B4452C67544CF6F2C2E',1,2),(61,'Super Admin',0,'0:0:0:0:0:0:0:1','2025-04-04 11:02:54','2025-04-04 11:33:54','2102C3B0F2996375CA920E02C73EB537',1,2),(62,'Super Admin',0,'0:0:0:0:0:0:0:1','2025-04-04 12:20:17',NULL,'D6FC3E8E646233DF2F19C8052D8838A5',1,2),(63,'Super Admin',0,'0:0:0:0:0:0:0:1','2025-04-04 12:41:51',NULL,'D2DD15D04F748C1EF062CC0A45D09FD7',1,2),(64,'Super Admin',0,'0:0:0:0:0:0:0:1','2025-04-04 12:58:59',NULL,'2FD5DC8F6EB9F2348262D597B41677C2',1,2),(65,'Super Admin',0,'0:0:0:0:0:0:0:1','2025-04-04 13:07:34',NULL,'B87110DC47EEBA49FC0193356F905CBC',1,2),(66,'Super Admin',0,'127.0.0.1','2025-04-04 13:10:41','2025-04-04 13:12:40','8DB21A63FC5CA174C287B057DB970235',1,2),(67,'Vareli',0,'0:0:0:0:0:0:0:1','2025-04-04 13:13:21','2025-04-04 13:14:07','6760CCF846A1712D5B7EFE5304909BBD',0,1),(68,'Super Admin',0,'0:0:0:0:0:0:0:1','2025-04-04 13:14:13','2025-04-04 13:14:42','EFD1D803624899D9F3E3DE74086CBC9B',1,2),(69,'Super Admin',0,'0:0:0:0:0:0:0:1','2025-04-04 13:14:46',NULL,'D064939EB4F81508149EAD855227064F',1,2),(70,'Super Admin',0,'0:0:0:0:0:0:0:1','2025-04-04 13:33:54',NULL,'5A83C5D9E242CC471610909967935C8A',1,2),(71,'Super Admin',0,'0:0:0:0:0:0:0:1','2025-04-04 13:36:56',NULL,'2B239952E029C0B8E9C390DF4E590841',1,2),(72,'Super Admin',0,'0:0:0:0:0:0:0:1','2025-04-04 13:47:19',NULL,'F38477534C68FB9631C397B093689CED',1,2),(73,'Super Admin',0,'0:0:0:0:0:0:0:1','2025-04-04 14:09:58',NULL,'7FDD47C8E25286FE3E0D8681EA998776',1,2),(74,'Super Admin',0,'0:0:0:0:0:0:0:1','2025-04-04 14:17:18',NULL,'2B832F64222341929E37ED81C78A3B69',1,2),(75,'Super Admin',0,'0:0:0:0:0:0:0:1','2025-04-04 14:19:58',NULL,'AAAF68A531182EE8799D3201552188E5',1,2),(76,'Super Admin',0,'0:0:0:0:0:0:0:1','2025-04-04 14:25:20',NULL,'B98AD97671B5AD6B71CFF1823F6C012A',1,2),(77,'Super Admin',0,'0:0:0:0:0:0:0:1','2025-04-04 14:28:00',NULL,'2B1D824E36ED1A77D357EAA6FDBD1633',1,2),(78,'Super Admin',0,'0:0:0:0:0:0:0:1','2025-04-04 14:37:07',NULL,'03833308D3B6F83635F283F7D0A77FB3',1,2),(79,'Super Admin',0,'0:0:0:0:0:0:0:1','2025-04-04 14:41:06',NULL,'AFD10C676C9EEA53A6D15F766802ED06',1,2),(80,'Super Admin',0,'0:0:0:0:0:0:0:1','2025-04-04 14:46:12',NULL,'796F4FD627D560A88ABB5F5A304B94B6',1,2),(81,'Super Admin',0,'0:0:0:0:0:0:0:1','2025-04-04 14:47:21',NULL,'CE8CF36A497ECD2B436813A47C51DD72',1,2),(82,'Super Admin',0,'0:0:0:0:0:0:0:1','2025-04-04 15:41:47','2025-04-04 16:12:47','8152ACFFEE688D7DB427F7177DDE7781',1,2),(83,'Super Admin',0,'0:0:0:0:0:0:0:1','2025-04-04 17:15:39',NULL,'0F5EF181826B7BD9977BF82F9F9F194F',1,2),(84,'Super Admin',0,'0:0:0:0:0:0:0:1','2025-04-04 17:46:41',NULL,'22AB86D25832D9115C72CE9E10BD4CFC',1,2),(85,'Super Admin',0,'0:0:0:0:0:0:0:1','2025-04-05 10:41:27',NULL,'FA6A0B158B06FF4D15CE1921D5DA0B6C',1,2),(86,'Super Admin',0,'0:0:0:0:0:0:0:1','2025-04-05 10:56:50',NULL,'BAF7D2404B4227B7A551FFEDECF00CF1',1,2),(87,'Super Admin',0,'0:0:0:0:0:0:0:1','2025-04-05 14:31:43',NULL,'394F252C1F11472288A7B654D471F962',1,2),(88,'Super Admin',0,'0:0:0:0:0:0:0:1','2025-04-05 15:04:14',NULL,'5D69430096D97D1E8A5250835EBCC25F',1,2),(89,'Super Admin',0,'0:0:0:0:0:0:0:1','2025-04-05 15:46:50',NULL,'BD509C35A4F6F57D7B82560681EE323E',1,2),(90,'Super Admin',0,'0:0:0:0:0:0:0:1','2025-04-05 15:59:32',NULL,'CA549BE333451BD00A06532B867A3677',1,2),(91,'Super Admin',0,'0:0:0:0:0:0:0:1','2025-04-05 16:16:08','2025-04-05 16:47:04','FEAF98B1F9AEF4E55D1D607D66976310',1,2),(92,'Super Admin',0,'0:0:0:0:0:0:0:1','2025-04-05 16:47:44',NULL,'6A9099C30396AAFF627F599167F6F3EB',1,2),(93,'Super Admin',0,'0:0:0:0:0:0:0:1','2025-04-05 16:49:47',NULL,'C0AB6A4982E75CF5C9061984EA7B1548',1,2),(94,'Super Admin',0,'0:0:0:0:0:0:0:1','2025-04-05 17:00:15',NULL,'1B834ADC013D0B2D1E9CEC09A962C785',1,2),(95,'Super Admin',0,'0:0:0:0:0:0:0:1','2025-04-05 17:02:58',NULL,'AB90479F026B8FC541B2AF2DB6A7E66C',1,2),(96,'Super Admin',0,'0:0:0:0:0:0:0:1','2025-04-05 17:03:46',NULL,'57A874E95AE779D31E9272A3FC886103',1,2),(97,'Super Admin',0,'0:0:0:0:0:0:0:1','2025-04-07 11:24:18',NULL,'9F080D07F52D9FE5DE465980954CBDA3',1,2),(98,'Super Admin',0,'0:0:0:0:0:0:0:1','2025-04-07 11:35:14',NULL,'E381301AC50C1078682BB1F46BF8A913',1,2),(99,'Super Admin',0,'0:0:0:0:0:0:0:1','2025-04-07 11:57:39',NULL,'C5B8A3FE8358FA542CBEF1BD20C1C03C',1,2),(100,'Super Admin',0,'0:0:0:0:0:0:0:1','2025-04-07 12:04:48',NULL,'3D81C1EC521DB545155EFEE12EAF8529',1,2),(101,'Super Admin',0,'0:0:0:0:0:0:0:1','2025-04-07 12:07:23',NULL,'DF5D79EDA00E16B8545F39FD4AABB577',1,2),(102,'Super Admin',0,'0:0:0:0:0:0:0:1','2025-04-07 13:09:24','2025-04-07 14:18:23','14C6FDC35F45D894E2E3F467172BC5AD',1,2),(103,'Super Admin',0,'0:0:0:0:0:0:0:1','2025-04-07 15:08:23',NULL,'1E7F27C15AA841302041F8CD15635962',1,2),(104,'Super Admin',0,'0:0:0:0:0:0:0:1','2025-04-07 15:21:28',NULL,'BE55C8946BD528A37E13853EC2754A7F',1,2),(105,'Super Admin',0,'0:0:0:0:0:0:0:1','2025-04-07 15:27:16',NULL,'440A2B3A4A7930222AFB61BFE24BE177',1,2),(106,'Super Admin',0,'0:0:0:0:0:0:0:1','2025-04-07 16:03:39',NULL,'E25287956B76FD8845E3A36FDE47A9A0',1,2),(107,'Super Admin',0,'0:0:0:0:0:0:0:1','2025-04-07 16:05:29',NULL,'12FFD62D294A2A092A303D6C4A57AD4A',1,2),(108,'Super Admin',0,'0:0:0:0:0:0:0:1','2025-04-07 16:29:42',NULL,'45515C78E1195A22FAB90588718ABA16',1,2),(109,'Super Admin',0,'0:0:0:0:0:0:0:1','2025-04-07 17:08:47',NULL,'19EA31FCDFCE1A42764FF33AF66AA4A9',1,2),(110,'Super Admin',0,'0:0:0:0:0:0:0:1','2025-04-07 18:03:44',NULL,'5827561F91D8BF958E4F0C62EB8797B0',1,2),(111,'Super Admin',0,'0:0:0:0:0:0:0:1','2025-04-08 10:14:21',NULL,'2CE932D997F945E87059257EAE46C63F',1,2),(112,'Super Admin',0,'0:0:0:0:0:0:0:1','2025-04-08 10:48:31',NULL,'62859D38F1322BEFF6F4D32B3495CFCB',1,2),(113,'Super Admin',0,'0:0:0:0:0:0:0:1','2025-04-08 10:49:05',NULL,'069E56417F72E4B452B983237E568BA8',1,2),(114,'Super Admin',0,'0:0:0:0:0:0:0:1','2025-04-08 10:58:13',NULL,'B495280EB3E2FC551CE3B8C8074AB1BA',1,2),(115,'Super Admin',0,'0:0:0:0:0:0:0:1','2025-04-08 11:08:40',NULL,'CE5DDC4446BF000126D6C49832C0AE23',1,2),(116,'Super Admin',0,'0:0:0:0:0:0:0:1','2025-04-08 11:44:02',NULL,'A996489F0661106736D1E6FAFA8BFCB5',1,2),(117,'Super Admin',0,'0:0:0:0:0:0:0:1','2025-04-08 11:52:00',NULL,'2B27A8D5753813C63E48F01AF3B78F16',1,2),(118,'Super Admin',0,'0:0:0:0:0:0:0:1','2025-04-08 11:53:45',NULL,'1901E2C61DC8C084E75F3024E72C93F4',1,2),(119,'Super Admin',0,'0:0:0:0:0:0:0:1','2025-04-08 11:53:53',NULL,'E514A1B02BDADBD238F64A2A88928B00',1,2),(120,'Super Admin',0,'0:0:0:0:0:0:0:1','2025-04-08 11:57:04',NULL,'EDB19851416330D873F71AA3536920E0',1,2),(121,'Super Admin',0,'0:0:0:0:0:0:0:1','2025-04-08 11:58:13',NULL,'F5D622C76DC465DF2CB1307317234BA2',1,2),(122,'Super Admin',0,'0:0:0:0:0:0:0:1','2025-04-08 12:17:03',NULL,'884EE56140D4B7F1CAECBC11807D9705',1,2),(123,'Super Admin',0,'0:0:0:0:0:0:0:1','2025-04-08 12:26:43',NULL,'7839161EFB6051F1C3342C8D4353D33E',1,2),(124,'Super Admin',0,'0:0:0:0:0:0:0:1','2025-04-08 12:34:04',NULL,'3598AFDDD310FB417066330C73B33A1C',1,2),(125,'Super Admin',0,'0:0:0:0:0:0:0:1','2025-04-08 12:41:00',NULL,'6E2337DA638FF447C07482E31F0B60BE',1,2),(126,'Super Admin',0,'0:0:0:0:0:0:0:1','2025-04-08 13:21:15',NULL,'E01A80D0010BE647C94194C1D0104BA8',1,2),(127,'Super Admin',0,'0:0:0:0:0:0:0:1','2025-04-08 13:49:02',NULL,'857C6928E42AB9BFD0EAEBE2E2EFC38A',1,2),(128,'Super Admin',0,'0:0:0:0:0:0:0:1','2025-04-08 13:54:03',NULL,'92267985DC69649152DBA92130A839A1',1,2),(129,'Super Admin',0,'0:0:0:0:0:0:0:1','2025-04-08 13:55:25',NULL,'AA656BDABA64A4E679874C81D1F4B1DB',1,2),(130,'Super Admin',0,'0:0:0:0:0:0:0:1','2025-04-08 13:56:02',NULL,'53D90513BA5A96C88AF04201A2EAAD16',1,2),(131,'Super Admin',0,'0:0:0:0:0:0:0:1','2025-04-08 14:02:07',NULL,'0CF931435BEC33C0AFA7C7638453188E',1,2),(132,'Super Admin',0,'0:0:0:0:0:0:0:1','2025-04-08 14:22:48',NULL,'B1EA5C5EEB7B7657B8A6385D27B8ED45',1,2),(133,'Super Admin',0,'0:0:0:0:0:0:0:1','2025-04-08 14:44:13',NULL,'F2D7E3AB0683FFD77391E340A7494F6F',1,2),(134,'Super Admin',0,'0:0:0:0:0:0:0:1','2025-04-08 14:49:13','2025-04-08 16:00:40','A84005FA08574A53142555264839D86F',1,2),(135,'admin',0,'0:0:0:0:0:0:0:1','2025-04-08 16:00:42',NULL,'1A941D93F684AA230F573D0FB478EB91',1,3),(136,'Super Admin',0,'0:0:0:0:0:0:0:1','2025-04-08 16:09:04','2025-04-08 16:09:09','011AC418A34BB955A872F01ED48BFC04',1,2),(137,'admin',0,'0:0:0:0:0:0:0:1','2025-04-08 16:09:17',NULL,'F8D343041DCC62CC50A354E483F672D0',1,3),(138,'Super Admin',0,'0:0:0:0:0:0:0:1','2025-04-08 17:24:08','2025-04-08 17:24:32','C3F2E80D6F4FD6914A38D01A8E2F5BCB',1,2),(139,'admin',0,'0:0:0:0:0:0:0:1','2025-04-08 17:24:37',NULL,'DC1BAEBB0734DD3FF247328FA4CF8834',1,3),(140,'admin',0,'0:0:0:0:0:0:0:1','2025-04-08 17:26:49',NULL,'907DF2055FF4CF73491EA840F0D1D0A3',1,3),(141,'Super Admin',0,'0:0:0:0:0:0:0:1','2025-04-08 17:29:31','2025-04-08 17:30:15','29156164005387D756A246DD17002DED',1,2),(142,'admin',0,'0:0:0:0:0:0:0:1','2025-04-08 17:30:19',NULL,'C233E4DC3951C61CA347C706F2C6D54E',1,3),(143,'Admin 2',2,'0:0:0:0:0:0:0:1','2025-04-09 10:15:53',NULL,'7BADF703B4E38332320010E01B2CE7F0',1,4),(144,'Super Admin',0,'0:0:0:0:0:0:0:1','2025-04-09 10:23:52','2025-04-09 10:24:18','654C76E141575E77F704432B455945B5',1,2),(145,'Admin 2',2,'0:0:0:0:0:0:0:1','2025-04-09 10:24:25',NULL,'73A07B72DDFA854AC3814775EF424D38',1,4),(146,'Admin 2',2,'0:0:0:0:0:0:0:1','2025-04-09 10:25:05',NULL,'810BA32B101472894E3D0C68BA820C02',1,4),(147,'Admin 2',2,'0:0:0:0:0:0:0:1','2025-04-09 10:29:24',NULL,'7FEDB035046CDBB2F92AD6D4AF97A6D7',1,4),(148,'Admin 2',2,'0:0:0:0:0:0:0:1','2025-04-09 10:51:08',NULL,'E7738626F50E654BE43EE457B02EC06D',1,4),(149,'admin',0,'0:0:0:0:0:0:0:1','2025-04-09 11:10:23',NULL,'FDD4AA794D4A0FFD94028246D5502393',1,3),(150,'Super Admin',0,'0:0:0:0:0:0:0:1','2025-04-09 11:16:04','2025-04-09 11:16:09','6ADBB9D4A63A3C3D3E1916D9ED5F1FB4',1,2),(151,'admin',0,'0:0:0:0:0:0:0:1','2025-04-09 11:16:13','2025-04-09 11:22:38','27AAA3E3CB2A2AD31C6A738467010C14',1,3),(152,'Super Admin',0,'0:0:0:0:0:0:0:1','2025-04-09 11:24:46','2025-04-09 11:25:10','1D72AD453A79503EFDBD8BA52CCE8481',1,2),(153,'Admin 2',2,'0:0:0:0:0:0:0:1','2025-04-09 11:25:47','2025-04-09 11:26:01','393E38FA62414B8222DB26CCC322AC7A',1,4),(154,'Admin 2',2,'0:0:0:0:0:0:0:1','2025-04-09 11:26:07','2025-04-09 11:26:28','3357D7BE3CF79989695FF47B339EAD72',1,4),(155,'Admin 2',2,'0:0:0:0:0:0:0:1','2025-04-09 11:26:35',NULL,'3A6F50565B956601F88437C77CCA988C',1,4),(156,'Admin 2',2,'0:0:0:0:0:0:0:1','2025-04-09 11:28:52','2025-04-09 11:29:56','80B3F613FBD721CEB181D115CEBD722A',1,4),(157,'Admin 2',2,'0:0:0:0:0:0:0:1','2025-04-09 11:30:07',NULL,'11526C09F7826EE13CAED86CCC659543',1,4),(158,'Admin 2',2,'0:0:0:0:0:0:0:1','2025-04-09 11:32:10','2025-04-09 11:32:24','84BC01B438A156C98B1DE3A72A4C6AFC',1,4),(159,'Admin 2',2,'0:0:0:0:0:0:0:1','2025-04-09 11:32:30','2025-04-09 11:32:40','44BA96B8CEC1DD67CB75439517B25AF4',1,4),(160,'Admin 2',2,'0:0:0:0:0:0:0:1','2025-04-09 11:32:43','2025-04-09 11:33:38','266FB732941BF8B224BA1FAF03AEC604',1,4),(161,'Admin 2',2,'0:0:0:0:0:0:0:1','2025-04-09 11:33:42',NULL,'75C24718CB710BAD02F31CD52DC1613B',1,4),(162,'Admin 2',2,'0:0:0:0:0:0:0:1','2025-04-09 11:37:45',NULL,'A1312F70A66B01BE2D22689AC75CE754',1,4),(163,'Admin 2',2,'0:0:0:0:0:0:0:1','2025-04-09 11:50:25','2025-04-09 11:51:25','D3570D72703C436A2CDC7D156D44402D',1,4),(164,'Admin 2',2,'0:0:0:0:0:0:0:1','2025-04-09 11:51:28',NULL,'2A5A5E88087ED4904D9CEFB04742A018',1,4),(165,'Admin 2',2,'0:0:0:0:0:0:0:1','2025-04-10 10:12:50','2025-04-10 10:54:52','85EED70BB6F9A0B98BD1114B7EE489F2',1,4),(166,'admin',0,'0:0:0:0:0:0:0:1','2025-04-10 11:40:00',NULL,'334E28CA82501501BD34FF3D65C97156',1,3),(167,'admin',0,'0:0:0:0:0:0:0:1','2025-04-10 12:03:45',NULL,'2080102941C38277A001F5A0B4FC1835',1,3),(168,'admin',0,'0:0:0:0:0:0:0:1','2025-04-10 14:52:58','2025-04-10 15:23:22','FC5D862AE029C024D00CB7EEC6DD08CE',1,3),(169,'admin',0,'0:0:0:0:0:0:0:1','2025-04-10 18:07:14',NULL,'5F6EA35B8819F04CA8BD4D4A16E1ECF0',1,3),(170,'admin',0,'0:0:0:0:0:0:0:1','2025-04-11 10:13:57',NULL,'8644351AC812DADE6C6F9FBDB2A9B644',1,3),(171,'admin',0,'0:0:0:0:0:0:0:1','2025-04-11 10:31:11',NULL,'4D05B9E993D7D285DBDDA75D861F4513',1,3),(172,'admin',0,'0:0:0:0:0:0:0:1','2025-04-11 10:32:22',NULL,'06022694B8988A210C2CD1D7038AE3E4',1,3),(173,'admin',0,'0:0:0:0:0:0:0:1','2025-04-11 11:00:41',NULL,'CF4DA1334F8FDAC54C45AF936BBFD175',1,3),(174,'admin',0,'0:0:0:0:0:0:0:1','2025-04-11 11:01:48',NULL,'1F067E14F85C325D241291E7DC9F6955',1,3),(175,'admin',0,'0:0:0:0:0:0:0:1','2025-04-11 11:04:20',NULL,'2A5D709DFCC8D004137C1CCD9EC85E30',1,3),(176,'admin',0,'0:0:0:0:0:0:0:1','2025-04-11 11:07:06',NULL,'2CF8FAB39791E1FE6BB82A4C4E6AAA7C',1,3),(177,'admin',0,'0:0:0:0:0:0:0:1','2025-04-11 11:18:38',NULL,'C3B608B72021D4135EDE51E68DD82EDF',1,3),(178,'admin',0,'0:0:0:0:0:0:0:1','2025-04-11 11:26:50',NULL,'4C590E1950A3B3D32BE898D9CC0D79C8',1,3),(179,'admin',0,'0:0:0:0:0:0:0:1','2025-04-11 11:29:56',NULL,'D4FD8F5D8D656D420C7785316F51269A',1,3),(180,'admin',0,'0:0:0:0:0:0:0:1','2025-04-11 11:32:50',NULL,'F380A0D51F7ABBE64AE7102195C39088',1,3),(181,'admin',0,'0:0:0:0:0:0:0:1','2025-04-11 11:35:57',NULL,'4A7A9ADC48C55816E9310CA38F59F68D',1,3),(182,'admin',0,'0:0:0:0:0:0:0:1','2025-04-11 11:44:39',NULL,'ACF8380233A42623CFB1EF53F772212B',1,3),(183,'admin',0,'0:0:0:0:0:0:0:1','2025-04-11 11:44:42',NULL,'5183624ACF2CC4F86BE1036CCD587917',1,3),(184,'admin',0,'0:0:0:0:0:0:0:1','2025-04-11 11:56:57',NULL,'191D12BCC5333F37CD26B989571B623D',1,3),(185,'admin',0,'0:0:0:0:0:0:0:1','2025-04-11 12:20:34',NULL,'729A7E0DB45BAE128EB37B33A730A469',1,3),(186,'admin',0,'0:0:0:0:0:0:0:1','2025-04-11 12:50:32',NULL,'F1A6A22C3E908F31EF047F06C0746FBA',1,3),(187,'admin',0,'0:0:0:0:0:0:0:1','2025-04-11 13:20:13','2025-04-11 13:50:57','17E7A4311B87568663007F1BC590E2A4',1,3),(188,'admin',0,'0:0:0:0:0:0:0:1','2025-04-11 14:10:46','2025-04-11 14:52:45','3B2CDEF9BB82DB39E26E04BEDC56B5DA',1,3),(189,'admin',0,'0:0:0:0:0:0:0:1','2025-04-11 15:05:41',NULL,'5E50AFC8592D1EB199043FF062EFB8FC',1,3),(190,'admin',0,'0:0:0:0:0:0:0:1','2025-04-11 16:01:26',NULL,'6EF3EA59C8D031245BC0D58DA81304CA',1,3),(191,'admin',0,'0:0:0:0:0:0:0:1','2025-04-11 16:20:42',NULL,'0BF44E15C617C7E67448425E01139571',1,3),(192,'admin',0,'0:0:0:0:0:0:0:1','2025-04-11 16:26:57',NULL,'24B33344EC58F1B9B40389345FC81E88',1,3),(193,'admin',0,'0:0:0:0:0:0:0:1','2025-04-11 16:29:23',NULL,'318B6424A604CE6B6E467AE046E7A11C',1,3),(194,'admin',0,'0:0:0:0:0:0:0:1','2025-04-11 16:41:39',NULL,'89B42E8C990387B330C9F6ADD6915198',1,3),(195,'admin',0,'0:0:0:0:0:0:0:1','2025-04-11 16:50:22',NULL,'3728672A9D4A06446BFCF06F55420F77',1,3),(196,'admin',0,'127.0.0.1','2025-04-11 17:01:49',NULL,'973F566F6AECDD7B6682BF3952E1C740',1,3),(197,'admin',0,'0:0:0:0:0:0:0:1','2025-04-11 17:47:35',NULL,'831E6239C2237B90BC717FC237823250',1,3),(198,'admin',0,'0:0:0:0:0:0:0:1','2025-04-11 18:06:39',NULL,'243841D68E7F903857DCDC05FB03D9FC',1,3),(199,'admin',0,'0:0:0:0:0:0:0:1','2025-04-14 10:32:23',NULL,'1DE533256D615BACD4CDE8308FAB7EF5',1,3),(200,'admin',0,'0:0:0:0:0:0:0:1','2025-04-14 11:08:00',NULL,'5A4072391D831CCACB69B427B5DB025D',1,3),(201,'admin',0,'0:0:0:0:0:0:0:1','2025-04-14 11:30:22',NULL,'3B3D2D7218356BFEE7BBEE55D3F978A0',1,3),(202,'admin',0,'0:0:0:0:0:0:0:1','2025-04-14 11:33:15',NULL,'2C5B14446BC2C602E165588816E966E0',1,3),(203,'admin',0,'0:0:0:0:0:0:0:1','2025-04-14 11:38:57',NULL,'2D99F5C7AF4004F66F844ED838AE2091',1,3),(204,'admin',0,'0:0:0:0:0:0:0:1','2025-04-14 12:10:05',NULL,'8DD513F920B7F8A33845E0BAB82572CB',1,3),(205,'admin',0,'0:0:0:0:0:0:0:1','2025-04-14 13:00:45',NULL,'7EE613FBAEE0E0C88273839D03D3A084',1,3),(206,'admin',0,'0:0:0:0:0:0:0:1','2025-04-14 14:37:24',NULL,'BE70B842CB888BED64394138E28DD1CF',1,3),(207,'admin',0,'0:0:0:0:0:0:0:1','2025-04-14 14:41:16',NULL,'46722A79BF8EE4B5B37C9CE290A480D5',1,3),(208,'admin',0,'0:0:0:0:0:0:0:1','2025-04-14 14:46:29',NULL,'B54CA2F5ABF632A971CB8D2818A52B5D',1,3),(209,'admin',0,'0:0:0:0:0:0:0:1','2025-04-14 14:55:03',NULL,'87579424316509612A0CDD26638017ED',1,3),(210,'admin',0,'0:0:0:0:0:0:0:1','2025-04-14 14:58:36',NULL,'505A30614723F21BC20862F1648A015A',1,3),(211,'admin',0,'0:0:0:0:0:0:0:1','2025-04-14 15:00:57','2025-04-14 15:33:54','20A014015E5F264CDD99205683C53BC3',1,3),(212,'admin',0,'0:0:0:0:0:0:0:1','2025-04-14 17:06:05',NULL,'F7BCC8665746DE448AA04C4447531560',1,3),(213,'admin',0,'0:0:0:0:0:0:0:1','2025-04-14 17:14:43',NULL,'0DCBE83E673029DD77A04FD4DF4EC624',1,3),(214,'admin',0,'0:0:0:0:0:0:0:1','2025-04-14 17:16:32',NULL,'CB5784352AE251B01154622EF076DCCA',1,3),(215,'admin',0,'0:0:0:0:0:0:0:1','2025-04-16 10:43:33',NULL,'E928E8F3E00450EAD737CDD732FC97D7',1,3),(216,'admin',0,'0:0:0:0:0:0:0:1','2025-04-16 12:03:16','2025-04-16 12:33:51','71EE4BE75211627D99BBAD4CF2920068',1,3),(217,'admin',0,'0:0:0:0:0:0:0:1','2025-04-16 12:38:44','2025-04-16 13:49:55','A614E4183B4A9E6F4241EAEC511A13CE',1,3),(218,'admin',0,'0:0:0:0:0:0:0:1','2025-04-16 14:06:02','2025-04-16 14:26:46','9012BFA27FBBA1F6E72739FC806CD3BD',1,3),(219,'HOD',0,'0:0:0:0:0:0:0:1','2025-04-16 14:26:48',NULL,'A8579CD1D452C8036D844EC87B7E942D',1,7),(220,'HOD',0,'0:0:0:0:0:0:0:1','2025-04-16 14:50:53','2025-04-16 14:54:55','087DE22A604D0723DF5D4A8CB7D82FDA',1,7),(221,'admin',0,'0:0:0:0:0:0:0:1','2025-04-16 14:54:59','2025-04-16 14:55:24','7969DFC9F6E824D9E5ABF26A820602CA',1,3),(222,'HOD',0,'0:0:0:0:0:0:0:1','2025-04-16 14:55:30','2025-04-16 14:59:40','670E517F89AEB176134E1372A645E1D3',1,7),(223,'admin',0,'0:0:0:0:0:0:0:1','2025-04-16 14:59:44',NULL,'56B482B6E1DAAAE1F85220364FB28904',1,3),(224,'admin',0,'0:0:0:0:0:0:0:1','2025-04-17 10:21:43','2025-04-17 10:21:53','CAB1FCE0162DDFDC42844A0311C853EB',1,3),(225,'admin',0,'0:0:0:0:0:0:0:1','2025-04-17 10:21:59',NULL,'4078C842670BD288E4CF93C01AA4402E',1,3),(226,'admin',0,'0:0:0:0:0:0:0:1','2025-04-17 10:29:07','2025-04-17 10:30:45','FBB45F66F75F882DF9550783D5BE893C',1,3),(227,'HOD',0,'0:0:0:0:0:0:0:1','2025-04-17 10:30:51',NULL,'F5FB7420C9F04CC732E39E9155AC13CE',1,7),(228,'HOD',0,'0:0:0:0:0:0:0:1','2025-04-17 10:32:52','2025-04-17 10:33:05','1A9E5356793990E44E818E8E781B2CF7',1,7),(229,'admin',0,'0:0:0:0:0:0:0:1','2025-04-17 10:33:09','2025-04-17 10:33:35','5CB5A8E3098F9600B83822849A05E017',1,3),(230,'HOD',0,'0:0:0:0:0:0:0:1','2025-04-17 10:33:40',NULL,'0F8383BA80880A69927875AE9BF981EB',1,7),(231,'HOD',0,'0:0:0:0:0:0:0:1','2025-04-17 10:45:27',NULL,'12965FB8293396661F1C09417A92E1D1',1,7),(232,'HOD',0,'0:0:0:0:0:0:0:1','2025-04-17 10:46:12',NULL,'4D4CACDE6AEE4584507D637C95866BEF',1,7),(233,'HOD',0,'0:0:0:0:0:0:0:1','2025-04-17 11:00:40','2025-04-17 11:00:54','6CA4F04E76C3DF1A912B2985234ABFEC',1,7),(234,'admin',0,'0:0:0:0:0:0:0:1','2025-04-17 11:00:59','2025-04-17 11:01:22','B9CEFEE34F350DC18B685EA2F1798B36',1,3),(235,'HOD',0,'0:0:0:0:0:0:0:1','2025-04-17 11:01:31','2025-04-17 11:33:56','AC01A5106F9465136DDEA2F25D485EC2',1,7),(236,'HOD',0,'0:0:0:0:0:0:0:1','2025-04-17 11:51:37','2025-04-17 11:54:42','ADFBCBBCE4F2E24C6595CA58924EB42C',1,7),(237,'admin',0,'0:0:0:0:0:0:0:1','2025-04-17 11:54:48','2025-04-17 11:56:04','07C444E4D7C717BA6D3AAE6A3BF8F1FE',1,3),(238,'HOD',0,'0:0:0:0:0:0:0:1','2025-04-17 11:56:09',NULL,'72841B799A9F354BD449340073586473',1,7),(239,'HOD',0,'0:0:0:0:0:0:0:1','2025-04-17 12:28:25',NULL,'4DA4B18812555BE744E162BC73069E0E',1,7),(240,'HOD',0,'0:0:0:0:0:0:0:1','2025-04-17 12:49:00','2025-04-17 13:36:03','3B8E75E89C448CEE414733F9ABFC2CEA',1,7),(241,'admin',0,'0:0:0:0:0:0:0:1','2025-04-17 12:51:59','2025-04-17 12:52:13','B0A56D8BC1E35530ECBA885999213956',1,3),(242,'HOD',0,'0:0:0:0:0:0:0:1','2025-04-17 13:05:42','2025-04-17 13:37:03','F7A772D462B7B4BC49273DFBA11FA76D',1,7),(243,'HOD',0,'0:0:0:0:0:0:0:1','2025-04-17 14:18:36',NULL,'1A6300C3922265D3571E6DAFD89645DE',1,7),(244,'admin',0,'0:0:0:0:0:0:0:1','2025-04-17 14:23:44',NULL,'1CE61705C1C747B8969A92D4B2CFD9CF',1,3),(245,'HOD',0,'0:0:0:0:0:0:0:1','2025-04-17 14:25:45',NULL,'6AFC0147700A456777926BAAD2C88184',1,7),(246,'admin',0,'0:0:0:0:0:0:0:1','2025-04-17 14:26:03',NULL,'7FB5BAB85067E8F9750BAD3AD2DC9BDE',1,3),(247,'HOD',0,'0:0:0:0:0:0:0:1','2025-04-17 14:31:20',NULL,'73CB3D829E33F2DBE553794938637209',1,7),(248,'HOD',0,'0:0:0:0:0:0:0:1','2025-04-17 14:56:30','2025-04-17 14:57:06','B8829093A0A3DA708E35E9FCBF46B156',1,7),(249,'admin',0,'0:0:0:0:0:0:0:1','2025-04-17 14:57:10',NULL,'F33710DC2B69E60AB293FDA54DDC5671',1,3),(250,'admin',0,'0:0:0:0:0:0:0:1','2025-04-17 15:13:45',NULL,'19153D4EC123ED19190BF279A7703253',1,3),(251,'admin',0,'0:0:0:0:0:0:0:1','2025-04-17 15:28:45',NULL,'35C96D528D4AD2E1DE3639DCFCED2D66',1,3),(252,'admin',0,'0:0:0:0:0:0:0:1','2025-04-17 15:47:04',NULL,'89D5CDAAF2C242F081B67C7E17F83E15',1,3),(253,'admin',0,'0:0:0:0:0:0:0:1','2025-04-17 16:09:09','2025-04-17 16:44:30','C815C7D25D7E0912FC7FCDF7029B460D',1,3),(254,'admin',0,'0:0:0:0:0:0:0:1','2025-04-17 16:50:06','2025-04-17 17:03:58','FA879EFA169215DCD39F749F16FF5F5F',1,3),(255,'Finance',0,'0:0:0:0:0:0:0:1','2025-04-17 17:04:01','2025-04-17 17:54:34','B8C5BB1F1D6C9540581CE701FE0B3254',1,8),(256,'admin',0,'0:0:0:0:0:0:0:1','2025-04-18 10:21:18','2025-04-18 10:21:35','0A232A2F682A882A09D4A5247262E20D',1,3),(257,'Finance',0,'0:0:0:0:0:0:0:1','2025-04-18 10:21:41','2025-04-18 10:51:48','710ED4011390BAC6145726F268F0CF7F',1,8),(258,'Finance',0,'0:0:0:0:0:0:0:1','2025-04-18 13:15:17',NULL,'0FEB3B6EC340152869D025070388596B',1,8),(259,'Finance',0,'0:0:0:0:0:0:0:1','2025-04-18 13:25:49',NULL,'7B84C50152989B6A04ED8416EF981410',1,8),(260,'Finance',0,'0:0:0:0:0:0:0:1','2025-04-18 13:36:04','2025-04-18 14:49:19','167833D521C2E8F6A303AB6F923EDDF6',1,8),(261,'Finance',0,'0:0:0:0:0:0:0:1','2025-04-18 15:06:27',NULL,'27607B7708B2277EE0C5F66C120D82FD',1,8),(262,'admin',0,'0:0:0:0:0:0:0:1','2025-04-18 15:50:27','2025-04-18 15:50:36','4498B028CB35EF19B02F4ADA0806F282',1,3),(263,'Finance',0,'0:0:0:0:0:0:0:1','2025-04-18 15:50:45',NULL,'89D0BE153A3EB940D583B407FA65A349',1,8),(264,'Finance',0,'0:0:0:0:0:0:0:1','2025-04-18 16:21:13',NULL,'03854C825C1D5C3749C5C9AB21015A4D',1,8),(265,'HOD',0,'0:0:0:0:0:0:0:1','2025-04-19 12:54:50','2025-04-19 12:55:22','BEC7EAF12BDF344C66F53AA50F8848EF',1,7),(266,'Finance',0,'0:0:0:0:0:0:0:1','2025-04-19 12:55:29','2025-04-19 14:05:18','85D1EF6E874BBE2F48BEA9EEC5298559',1,8),(267,'HOD',0,'0:0:0:0:0:0:0:1','2025-04-21 10:36:56','2025-04-21 11:30:45','6CF8469159C1F5AE46F4E3759E6FD264',1,7),(268,'Finance',0,'0:0:0:0:0:0:0:1','2025-04-22 10:30:25',NULL,'86E363943CF09FD5B376D5A2E7E9643A',1,8),(269,'Vareli',0,'0:0:0:0:0:0:0:1','2025-05-12 12:44:36','2025-05-12 12:45:44','94BE4013C36426E2BF18C684F8D5D5F3',0,1),(270,'Super Admin',0,'0:0:0:0:0:0:0:1','2025-05-12 12:45:48',NULL,'F71BE6B15D2C767EBAEAA360A2748CBD',1,2),(271,'Vareli',0,'0:0:0:0:0:0:0:1','2025-05-12 12:58:08','2025-05-12 12:58:35','68F32ED7D0D48F309EA61474C4D5AFFB',0,1),(272,'Super Admin',0,'0:0:0:0:0:0:0:1','2025-05-12 12:58:43','2025-05-12 13:30:12','0B13A3C41FFC9F066565F50876F87C34',1,2),(273,'Super Admin',0,'0:0:0:0:0:0:0:1','2025-05-13 14:50:31',NULL,'95A0540222FFCFB929FD02FA786C931D',1,2),(274,'Super Admin',0,'0:0:0:0:0:0:0:1','2025-05-13 15:05:44','2025-05-13 15:40:28','BD87D5F6619C0AD02447E97A51FB0E35',1,2),(275,'admin',0,'192.168.13.22','2025-05-15 11:49:55','2025-05-15 11:50:29','FD7E812A2EC62C880020BA64C4850403',1,3),(276,'Super Admin',0,'192.168.13.62','2025-05-15 12:10:00',NULL,'CE0AD91077F2D1B2C981D64A17E2EDB2',1,2),(277,'Super Admin',0,'0:0:0:0:0:0:0:1','2025-05-16 10:16:00','2025-05-16 10:48:08','D4EDA8A7410F55BA2A40071023BDEA2D',1,2),(278,'Vareli',0,'192.168.13.22','2025-05-16 11:07:43',NULL,'B5CB9E139C5504B3649A5DD527052A2F',0,1),(279,'Vareli',0,'192.168.13.22','2025-05-16 11:14:22','2025-05-16 11:14:52','B3B665ED827BE16CF1DE7E9AE7252109',0,1),(280,'Super Admin',0,'192.168.13.22','2025-05-16 11:14:58',NULL,'F1FF7965A2001E393D4C55037CD8E964',1,2),(281,'admin',0,'192.168.13.22','2025-05-16 13:52:51','2025-05-16 14:23:48','C4993E47A711F1AD6F50251903F89A0E',1,3),(282,'admin',0,'0:0:0:0:0:0:0:1','2025-05-16 16:00:22','2025-05-16 16:30:53','8497108158CEBDC81E0F61199AB326E4',1,3),(283,'Super Admin',0,'0:0:0:0:0:0:0:1','2025-05-17 10:54:58',NULL,'A1CE24DC77B9D1E5F1AC5F8824210895',1,2),(284,'Super Admin',0,'0:0:0:0:0:0:0:1','2025-05-17 10:57:24',NULL,'96874F4787BDA9066BB4B47EF71A83C7',1,2),(285,'Super Admin',0,'0:0:0:0:0:0:0:1','2025-05-17 14:58:11','2025-05-17 14:59:34','9F06CFFF3788BF7F86C5C4BA02E0B208',1,2),(286,'Super Admin',0,'0:0:0:0:0:0:0:1','2025-05-17 14:59:43','2025-05-17 16:16:14','814C54794CC0C41FF2A4139CEB554BD6',1,2);
/*!40000 ALTER TABLE `login_history` ENABLE KEYS */;
UNLOCK TABLES;

--
-- Table structure for table `mst_apvl_dtls`
--

DROP TABLE IF EXISTS `mst_apvl_dtls`;
/*!40101 SET @saved_cs_client     = @@character_set_client */;
/*!50503 SET character_set_client = utf8mb4 */;
CREATE TABLE `mst_apvl_dtls` (
  `id` int NOT NULL AUTO_INCREMENT,
  `created_by` varchar(255) DEFAULT NULL,
  `created_date` datetime DEFAULT NULL,
  `last_modified_by` varchar(255) DEFAULT NULL,
  `last_modified_date` datetime DEFAULT NULL,
  `apvl_level` int DEFAULT NULL,
  `status` bit(1) NOT NULL,
  `user_id` bigint DEFAULT NULL,
  `header_id` int NOT NULL,
  PRIMARY KEY (`id`),
  KEY `FK36awd7qcbcvnmerdm3154jpsq` (`header_id`),
  CONSTRAINT `FK36awd7qcbcvnmerdm3154jpsq` FOREIGN KEY (`header_id`) REFERENCES `mst_apvl_header` (`id`)
) ENGINE=InnoDB AUTO_INCREMENT=5 DEFAULT CHARSET=utf8mb4 COLLATE=utf8mb4_0900_ai_ci;
/*!40101 SET character_set_client = @saved_cs_client */;

--
-- Dumping data for table `mst_apvl_dtls`
--

LOCK TABLES `mst_apvl_dtls` WRITE;
/*!40000 ALTER TABLE `mst_apvl_dtls` DISABLE KEYS */;
INSERT INTO `mst_apvl_dtls` VALUES (1,NULL,NULL,'admin','2025-04-17 10:29:19',1,_binary '',3,1),(2,NULL,NULL,'admin2','2025-04-09 10:38:51',1,_binary '',4,2),(3,NULL,NULL,'admin','2025-04-17 14:27:27',2,_binary '',5,1),(4,'admin','2025-04-16 14:55:21','admin','2025-04-17 14:27:30',1,_binary '\0',7,1);
/*!40000 ALTER TABLE `mst_apvl_dtls` ENABLE KEYS */;
UNLOCK TABLES;

--
-- Table structure for table `mst_apvl_header`
--

DROP TABLE IF EXISTS `mst_apvl_header`;
/*!40101 SET @saved_cs_client     = @@character_set_client */;
/*!50503 SET character_set_client = utf8mb4 */;
CREATE TABLE `mst_apvl_header` (
  `id` int NOT NULL AUTO_INCREMENT,
  `created_by` varchar(255) DEFAULT NULL,
  `created_date` datetime DEFAULT NULL,
  `last_modified_by` varchar(255) DEFAULT NULL,
  `last_modified_date` datetime DEFAULT NULL,
  `company_id` int DEFAULT NULL,
  `status` bit(1) NOT NULL,
  `super_company_id` int DEFAULT NULL,
  `title` varchar(255) DEFAULT NULL,
  PRIMARY KEY (`id`)
) ENGINE=InnoDB AUTO_INCREMENT=3 DEFAULT CHARSET=utf8mb4 COLLATE=utf8mb4_0900_ai_ci;
/*!40101 SET character_set_client = @saved_cs_client */;

--
-- Dumping data for table `mst_apvl_header`
--

LOCK TABLES `mst_apvl_header` WRITE;
/*!40000 ALTER TABLE `mst_apvl_header` DISABLE KEYS */;
INSERT INTO `mst_apvl_header` VALUES (1,NULL,NULL,'admin','2025-04-16 14:55:21',0,_binary '',1,'ADMIN APPROVAL'),(2,NULL,NULL,'admin2','2025-04-09 10:38:51',2,_binary '',1,'ADMIN LEVEL APPROVAL');
/*!40000 ALTER TABLE `mst_apvl_header` ENABLE KEYS */;
UNLOCK TABLES;

--
-- Table structure for table `mst_attendance`
--

DROP TABLE IF EXISTS `mst_attendance`;
/*!40101 SET @saved_cs_client     = @@character_set_client */;
/*!50503 SET character_set_client = utf8mb4 */;
CREATE TABLE `mst_attendance` (
  `id` int NOT NULL AUTO_INCREMENT,
  `created_by` varchar(255) DEFAULT NULL,
  `created_date` datetime DEFAULT NULL,
  `last_modified_by` varchar(255) DEFAULT NULL,
  `last_modified_date` datetime DEFAULT NULL,
  `company_id` int DEFAULT NULL,
  `customer_id` bigint DEFAULT NULL,
  `end_date` date DEFAULT NULL,
  `end_lat` double DEFAULT NULL,
  `end_location` varchar(255) DEFAULT NULL,
  `end_location_area` varchar(255) DEFAULT NULL,
  `end_long` double DEFAULT NULL,
  `end_time` time DEFAULT NULL,
  `purpose` varchar(255) DEFAULT NULL,
  `start_date` date DEFAULT NULL,
  `start_lat` double DEFAULT NULL,
  `start_location` varchar(255) DEFAULT NULL,
  `start_location_area` varchar(255) DEFAULT NULL,
  `start_long` double DEFAULT NULL,
  `start_time` time DEFAULT NULL,
  `status` bit(1) NOT NULL,
  `super_company_id` int DEFAULT NULL,
  `user_id` bigint DEFAULT NULL,
  PRIMARY KEY (`id`)
) ENGINE=InnoDB AUTO_INCREMENT=6 DEFAULT CHARSET=utf8mb4 COLLATE=utf8mb4_0900_ai_ci;
/*!40101 SET character_set_client = @saved_cs_client */;

--
-- Dumping data for table `mst_attendance`
--

LOCK TABLES `mst_attendance` WRITE;
/*!40000 ALTER TABLE `mst_attendance` DISABLE KEYS */;
INSERT INTO `mst_attendance` VALUES (1,'anonymousUser','2025-04-10 11:12:41','anonymousUser','2025-04-10 11:32:13',0,1,'2025-04-10',22.88,'Kolkata','Gariahat',88.44,'11:32:13','ATTENDANCE','2025-04-10',22.33,'Kolkata','kolkata',88.44,'11:12:41',_binary '',1,5),(2,'admin','2025-04-10 12:33:52','admin','2025-04-10 12:33:52',0,1,NULL,NULL,NULL,NULL,NULL,NULL,'ATTENDANCE','2025-04-10',22.33,'Kolkata','kolkata',88.44,'12:33:51',_binary '\0',1,6),(3,'anonymousUser','2025-05-17 10:54:07','anonymousUser','2025-05-17 10:59:44',0,3,'2025-05-17',22.516495,'P459B, Raja Basanta Roy Rd, CIT Scheme 47, Hindustan Park, Keyatala, Kolkata, West Bengal 700029, India','Keyatala',88.3607446,'10:59:44','ATTENDANCE','2025-05-17',22.5165432,'569, Golpark, Hindustan Park, Keyatala, Kolkata, West Bengal 700019, India','Keyatala',88.3608331,'10:54:06',_binary '',1,9),(4,'anonymousUser','2025-05-17 10:59:52','anonymousUser','2025-05-17 10:59:57',0,3,'2025-05-17',22.5165029,'P459B, Raja Basanta Roy Rd, CIT Scheme 47, Hindustan Park, Keyatala, Kolkata, West Bengal 700029, India','Keyatala',88.3607692,'10:59:57','ATTENDANCE','2025-05-17',22.516509,'P459B, Raja Basanta Roy Rd, CIT Scheme 47, Hindustan Park, Keyatala, Kolkata, West Bengal 700029, India','Keyatala',88.3607528,'10:59:52',_binary '',1,9),(5,'anonymousUser','2025-05-17 16:30:41','anonymousUser','2025-05-17 16:30:47',0,1,'2025-05-17',22.5165152,'P459B, Raja Basanta Roy Rd, CIT Scheme 47, Hindustan Park, Keyatala, Kolkata, West Bengal 700029, India','Keyatala',88.3607636,'16:30:46','ATTENDANCE','2025-05-17',22.5165119,'P459B, Raja Basanta Roy Rd, CIT Scheme 47, Hindustan Park, Keyatala, Kolkata, West Bengal 700029, India','Keyatala',88.3607707,'16:30:40',_binary '',1,9);
/*!40000 ALTER TABLE `mst_attendance` ENABLE KEYS */;
UNLOCK TABLES;

--
-- Table structure for table `mst_city`
--

DROP TABLE IF EXISTS `mst_city`;
/*!40101 SET @saved_cs_client     = @@character_set_client */;
/*!50503 SET character_set_client = utf8mb4 */;
CREATE TABLE `mst_city` (
  `id` int NOT NULL AUTO_INCREMENT,
  `city` varchar(255) DEFAULT NULL,
  `country_id` int DEFAULT NULL,
  `state_id` int DEFAULT NULL,
  `status` bit(1) NOT NULL,
  PRIMARY KEY (`id`)
) ENGINE=InnoDB AUTO_INCREMENT=2 DEFAULT CHARSET=utf8mb4 COLLATE=utf8mb4_0900_ai_ci;
/*!40101 SET character_set_client = @saved_cs_client */;

--
-- Dumping data for table `mst_city`
--

LOCK TABLES `mst_city` WRITE;
/*!40000 ALTER TABLE `mst_city` DISABLE KEYS */;
INSERT INTO `mst_city` VALUES (1,'KOLKATA',1,1,_binary '');
/*!40000 ALTER TABLE `mst_city` ENABLE KEYS */;
UNLOCK TABLES;

--
-- Table structure for table `mst_cluster`
--

DROP TABLE IF EXISTS `mst_cluster`;
/*!40101 SET @saved_cs_client     = @@character_set_client */;
/*!50503 SET character_set_client = utf8mb4 */;
CREATE TABLE `mst_cluster` (
  `id` bigint NOT NULL AUTO_INCREMENT,
  `created_by` varchar(255) DEFAULT NULL,
  `created_date` datetime DEFAULT NULL,
  `last_modified_by` varchar(255) DEFAULT NULL,
  `last_modified_date` datetime DEFAULT NULL,
  `cluster_name` varchar(255) DEFAULT NULL,
  `company_id` int DEFAULT NULL,
  `end_date` int DEFAULT NULL,
  `status` bit(1) NOT NULL,
  `str_date` int DEFAULT NULL,
  `super_company_id` int DEFAULT NULL,
  `start_date` int DEFAULT NULL,
  `name` varchar(255) DEFAULT NULL,
  PRIMARY KEY (`id`)
) ENGINE=InnoDB AUTO_INCREMENT=5 DEFAULT CHARSET=utf8mb4 COLLATE=utf8mb4_0900_ai_ci;
/*!40101 SET character_set_client = @saved_cs_client */;

--
-- Dumping data for table `mst_cluster`
--

LOCK TABLES `mst_cluster` WRITE;
/*!40000 ALTER TABLE `mst_cluster` DISABLE KEYS */;
INSERT INTO `mst_cluster` VALUES (1,NULL,NULL,'superadmin','2025-04-07 15:10:06','CLUSTER 1',0,15,_binary '',NULL,1,1,NULL),(2,'superadmin','2025-04-07 15:11:00','superadmin','2025-04-07 15:11:00','AA',2,12,_binary '',NULL,1,1,NULL),(3,NULL,NULL,'admin','2025-04-08 17:11:20','CLUSTER 2',0,20,_binary '',NULL,1,18,NULL),(4,'admin2','2025-04-09 10:43:01','admin2','2025-04-09 10:43:01','CLUSTER 2',2,20,_binary '',NULL,1,15,NULL);
/*!40000 ALTER TABLE `mst_cluster` ENABLE KEYS */;
UNLOCK TABLES;

--
-- Table structure for table `mst_commute_header`
--

DROP TABLE IF EXISTS `mst_commute_header`;
/*!40101 SET @saved_cs_client     = @@character_set_client */;
/*!50503 SET character_set_client = utf8mb4 */;
CREATE TABLE `mst_commute_header` (
  `id` bigint NOT NULL AUTO_INCREMENT,
  `created_by` varchar(255) DEFAULT NULL,
  `created_date` datetime DEFAULT NULL,
  `last_modified_by` varchar(255) DEFAULT NULL,
  `last_modified_date` datetime DEFAULT NULL,
  `approval_level` varchar(255) DEFAULT NULL,
  `company_id` int DEFAULT NULL,
  `cust_id` bigint DEFAULT NULL,
  `end_date` date DEFAULT NULL,
  `end_lat` double DEFAULT NULL,
  `end_location` varchar(255) DEFAULT NULL,
  `end_location_area` varchar(255) DEFAULT NULL,
  `end_long` double DEFAULT NULL,
  `end_time` time DEFAULT NULL,
  `is_intervel_stop` bit(1) NOT NULL,
  `is_multi_commute` bit(1) NOT NULL,
  `note` varchar(255) DEFAULT NULL,
  `purpose` varchar(255) DEFAULT NULL,
  `referencenumber` varchar(255) DEFAULT NULL,
  `start_date` date DEFAULT NULL,
  `start_lat` double DEFAULT NULL,
  `start_location` varchar(255) DEFAULT NULL,
  `start_location_area` varchar(255) DEFAULT NULL,
  `start_long` double DEFAULT NULL,
  `start_time` time DEFAULT NULL,
  `status` bit(1) NOT NULL,
  `super_company_id` int DEFAULT NULL,
  `total_actual_price` double NOT NULL,
  `total_distance` double NOT NULL,
  `total_estimate_price` double NOT NULL,
  `total_time` bigint NOT NULL,
  `user_id` bigint DEFAULT NULL,
  PRIMARY KEY (`id`)
) ENGINE=InnoDB AUTO_INCREMENT=2 DEFAULT CHARSET=utf8mb4 COLLATE=utf8mb4_0900_ai_ci;
/*!40101 SET character_set_client = @saved_cs_client */;

--
-- Dumping data for table `mst_commute_header`
--

LOCK TABLES `mst_commute_header` WRITE;
/*!40000 ALTER TABLE `mst_commute_header` DISABLE KEYS */;
INSERT INTO `mst_commute_header` VALUES (1,'anonymousUser','2025-05-17 18:15:37','anonymousUser','2025-05-17 18:39:38','1',0,6,'2025-05-17',22.5164876,'P459B, Raja Basanta Roy Rd, CIT Scheme 47, Hindustan Park, Keyatala, Kolkata, West Bengal 700029, India','Keyatala',88.3607738,'18:39:37',_binary '\0',_binary '\0','','fvv','','2025-05-17',22.5164929,'P459B, Raja Basanta Roy Rd, CIT Scheme 47, Hindustan Park, Keyatala, Kolkata, West Bengal 700029, India','Keyatala',88.3607728,'18:15:36',_binary '',1,50,0,0,0,9);
/*!40000 ALTER TABLE `mst_commute_header` ENABLE KEYS */;
UNLOCK TABLES;

--
-- Table structure for table `mst_country`
--

DROP TABLE IF EXISTS `mst_country`;
/*!40101 SET @saved_cs_client     = @@character_set_client */;
/*!50503 SET character_set_client = utf8mb4 */;
CREATE TABLE `mst_country` (
  `id` int NOT NULL AUTO_INCREMENT,
  `name` varchar(255) DEFAULT NULL,
  `sort_name` varchar(255) DEFAULT NULL,
  `status` bit(1) NOT NULL,
  PRIMARY KEY (`id`)
) ENGINE=InnoDB AUTO_INCREMENT=2 DEFAULT CHARSET=utf8mb4 COLLATE=utf8mb4_0900_ai_ci;
/*!40101 SET character_set_client = @saved_cs_client */;

--
-- Dumping data for table `mst_country`
--

LOCK TABLES `mst_country` WRITE;
/*!40000 ALTER TABLE `mst_country` DISABLE KEYS */;
INSERT INTO `mst_country` VALUES (1,'INDIA','IN',_binary '');
/*!40000 ALTER TABLE `mst_country` ENABLE KEYS */;
UNLOCK TABLES;

--
-- Table structure for table `mst_customer`
--

DROP TABLE IF EXISTS `mst_customer`;
/*!40101 SET @saved_cs_client     = @@character_set_client */;
/*!50503 SET character_set_client = utf8mb4 */;
CREATE TABLE `mst_customer` (
  `id` bigint NOT NULL AUTO_INCREMENT,
  `created_by` varchar(255) DEFAULT NULL,
  `created_date` datetime DEFAULT NULL,
  `last_modified_by` varchar(255) DEFAULT NULL,
  `last_modified_date` datetime DEFAULT NULL,
  `approved` bit(1) DEFAULT NULL,
  `branch_area` varchar(255) DEFAULT NULL,
  `company_id` int DEFAULT NULL,
  `latitude` double DEFAULT NULL,
  `location_id` int DEFAULT NULL,
  `longitude` double DEFAULT NULL,
  `name` varchar(255) DEFAULT NULL,
  `radius` double DEFAULT NULL,
  `status` bit(1) DEFAULT NULL,
  `super_company_id` int DEFAULT NULL,
  `type` varchar(255) DEFAULT NULL,
  PRIMARY KEY (`id`)
) ENGINE=InnoDB AUTO_INCREMENT=9 DEFAULT CHARSET=utf8mb4 COLLATE=utf8mb4_0900_ai_ci;
/*!40101 SET character_set_client = @saved_cs_client */;

--
-- Dumping data for table `mst_customer`
--

LOCK TABLES `mst_customer` WRITE;
/*!40000 ALTER TABLE `mst_customer` DISABLE KEYS */;
INSERT INTO `mst_customer` VALUES (1,NULL,NULL,'superadmin','2025-05-17 10:55:10',_binary '\0','NJKHN',0,NULL,1,NULL,'ABC',NULL,_binary '',1,NULL),(2,NULL,NULL,'superadmin','2025-04-05 16:00:02',_binary '\0','NJKHN',1,500,1,11,'SSDAS',100,_binary '',1,NULL),(3,NULL,NULL,'superadmin','2025-05-17 10:55:17',_binary '\0','SDSAD',0,NULL,1,NULL,'INDIA',NULL,_binary '',1,NULL),(4,NULL,NULL,'superadmin','2025-05-17 10:55:24',_binary '\0','SA',0,NULL,1,NULL,'ABCSASSAS',NULL,_binary '',1,NULL),(5,NULL,NULL,'admin2','2025-04-09 10:22:18',_binary '\0','DSAD',2,22.333,1,88.44,'ABC',100,_binary '',1,NULL),(6,NULL,NULL,'superadmin','2025-05-17 10:55:30',_binary '\0','DADSAD',0,NULL,1,NULL,'DADSDASDSA',NULL,_binary '',1,NULL),(7,NULL,NULL,'admin2','2025-04-09 10:24:47',_binary '\0','DSAD',2,213,1,211,'ADSFSAFASF',121,_binary '',1,NULL),(8,'admin2','2025-04-09 10:25:19','admin2','2025-04-09 10:25:19',_binary '\0','RQ',2,12,1,22,'RWR',100,_binary '',1,NULL);
/*!40000 ALTER TABLE `mst_customer` ENABLE KEYS */;
UNLOCK TABLES;

--
-- Table structure for table `mst_department`
--

DROP TABLE IF EXISTS `mst_department`;
/*!40101 SET @saved_cs_client     = @@character_set_client */;
/*!50503 SET character_set_client = utf8mb4 */;
CREATE TABLE `mst_department` (
  `id` int NOT NULL AUTO_INCREMENT,
  `created_by` varchar(255) DEFAULT NULL,
  `created_date` datetime DEFAULT NULL,
  `last_modified_by` varchar(255) DEFAULT NULL,
  `last_modified_date` datetime DEFAULT NULL,
  `company_id` int DEFAULT NULL,
  `name` varchar(255) DEFAULT NULL,
  `status` bit(1) NOT NULL,
  `super_company_id` int DEFAULT NULL,
  PRIMARY KEY (`id`)
) ENGINE=InnoDB AUTO_INCREMENT=5 DEFAULT CHARSET=utf8mb4 COLLATE=utf8mb4_0900_ai_ci;
/*!40101 SET character_set_client = @saved_cs_client */;

--
-- Dumping data for table `mst_department`
--

LOCK TABLES `mst_department` WRITE;
/*!40000 ALTER TABLE `mst_department` DISABLE KEYS */;
INSERT INTO `mst_department` VALUES (1,NULL,NULL,'admin','2025-04-08 17:24:58',0,'HR',_binary '',1),(2,NULL,NULL,'superadmin','2025-04-05 17:08:09',3,'ABCSXZ',_binary '',1),(3,NULL,NULL,'admin','2025-04-08 16:57:08',0,'SA',_binary '',1),(4,'admin2','2025-04-09 10:30:05','admin2','2025-04-09 10:30:05',2,'SOFTWARE',_binary '',1);
/*!40000 ALTER TABLE `mst_department` ENABLE KEYS */;
UNLOCK TABLES;

--
-- Table structure for table `mst_designation`
--

DROP TABLE IF EXISTS `mst_designation`;
/*!40101 SET @saved_cs_client     = @@character_set_client */;
/*!50503 SET character_set_client = utf8mb4 */;
CREATE TABLE `mst_designation` (
  `id` int NOT NULL AUTO_INCREMENT,
  `created_by` varchar(255) DEFAULT NULL,
  `created_date` datetime DEFAULT NULL,
  `last_modified_by` varchar(255) DEFAULT NULL,
  `last_modified_date` datetime DEFAULT NULL,
  `company_id` int DEFAULT NULL,
  `name` varchar(255) DEFAULT NULL,
  `status` bit(1) NOT NULL,
  `super_company_id` int DEFAULT NULL,
  `department_id` int NOT NULL,
  PRIMARY KEY (`id`),
  KEY `FKqxn2eyfsst2mxje8dom8ylo24` (`department_id`),
  CONSTRAINT `FKqxn2eyfsst2mxje8dom8ylo24` FOREIGN KEY (`department_id`) REFERENCES `mst_department` (`id`)
) ENGINE=InnoDB AUTO_INCREMENT=5 DEFAULT CHARSET=utf8mb4 COLLATE=utf8mb4_0900_ai_ci;
/*!40101 SET character_set_client = @saved_cs_client */;

--
-- Dumping data for table `mst_designation`
--

LOCK TABLES `mst_designation` WRITE;
/*!40000 ALTER TABLE `mst_designation` DISABLE KEYS */;
INSERT INTO `mst_designation` VALUES (1,NULL,NULL,'admin','2025-04-08 16:56:21',0,'HR MANAGR',_binary '',1,1),(2,NULL,NULL,'superadmin','2025-04-07 11:35:50',0,'TESTINGSAAS',_binary '',1,1),(3,NULL,NULL,'superadmin','2025-04-07 11:36:08',3,'SDAADSASA',_binary '',1,2),(4,'admin2','2025-04-09 10:34:45','admin2','2025-04-09 10:34:45',2,'JAVA DEVELOPER',_binary '',1,4);
/*!40000 ALTER TABLE `mst_designation` ENABLE KEYS */;
UNLOCK TABLES;

--
-- Table structure for table `mst_grade`
--

DROP TABLE IF EXISTS `mst_grade`;
/*!40101 SET @saved_cs_client     = @@character_set_client */;
/*!50503 SET character_set_client = utf8mb4 */;
CREATE TABLE `mst_grade` (
  `id` int NOT NULL AUTO_INCREMENT,
  `created_by` varchar(255) DEFAULT NULL,
  `created_date` datetime DEFAULT NULL,
  `last_modified_by` varchar(255) DEFAULT NULL,
  `last_modified_date` datetime DEFAULT NULL,
  `company_id` int DEFAULT NULL,
  `grade_level` int DEFAULT NULL,
  `name` varchar(255) DEFAULT NULL,
  `status` bit(1) NOT NULL,
  `super_company_id` int DEFAULT NULL,
  PRIMARY KEY (`id`)
) ENGINE=InnoDB AUTO_INCREMENT=6 DEFAULT CHARSET=utf8mb4 COLLATE=utf8mb4_0900_ai_ci;
/*!40101 SET character_set_client = @saved_cs_client */;

--
-- Dumping data for table `mst_grade`
--

LOCK TABLES `mst_grade` WRITE;
/*!40000 ALTER TABLE `mst_grade` DISABLE KEYS */;
INSERT INTO `mst_grade` VALUES (1,NULL,NULL,'superadmin','2025-04-07 13:04:12',0,1,'A1',_binary '',1),(2,NULL,NULL,'admin2','2025-04-09 10:39:13',2,1,'S1',_binary '',1),(3,NULL,NULL,'admin','2025-04-08 17:08:57',0,3,'A2',_binary '',1),(4,NULL,NULL,'admin2','2025-04-09 10:42:27',2,2,'S2',_binary '',1),(5,'admin2','2025-04-09 10:42:34','admin2','2025-04-09 10:42:34',2,3,'H1',_binary '',1);
/*!40000 ALTER TABLE `mst_grade` ENABLE KEYS */;
UNLOCK TABLES;

--
-- Table structure for table `mst_holiday`
--

DROP TABLE IF EXISTS `mst_holiday`;
/*!40101 SET @saved_cs_client     = @@character_set_client */;
/*!50503 SET character_set_client = utf8mb4 */;
CREATE TABLE `mst_holiday` (
  `id` bigint NOT NULL AUTO_INCREMENT,
  `created_by` varchar(255) DEFAULT NULL,
  `created_date` datetime DEFAULT NULL,
  `last_modified_by` varchar(255) DEFAULT NULL,
  `last_modified_date` datetime DEFAULT NULL,
  `company_id` int DEFAULT NULL,
  `holiday_date` date DEFAULT NULL,
  `purpose` varchar(255) DEFAULT NULL,
  `status` bit(1) NOT NULL,
  `super_company_id` int DEFAULT NULL,
  PRIMARY KEY (`id`)
) ENGINE=InnoDB AUTO_INCREMENT=8 DEFAULT CHARSET=utf8mb4 COLLATE=utf8mb4_0900_ai_ci;
/*!40101 SET character_set_client = @saved_cs_client */;

--
-- Dumping data for table `mst_holiday`
--

LOCK TABLES `mst_holiday` WRITE;
/*!40000 ALTER TABLE `mst_holiday` DISABLE KEYS */;
INSERT INTO `mst_holiday` VALUES (1,NULL,NULL,'admin','2025-04-08 16:58:57',0,'2025-04-14','Ambedkar Jayantid',_binary '',1),(7,'admin2','2025-04-09 10:30:54','admin2','2025-04-09 10:30:54',2,'2025-04-14','Jayanti',_binary '',1);
/*!40000 ALTER TABLE `mst_holiday` ENABLE KEYS */;
UNLOCK TABLES;

--
-- Table structure for table `mst_leave`
--

DROP TABLE IF EXISTS `mst_leave`;
/*!40101 SET @saved_cs_client     = @@character_set_client */;
/*!50503 SET character_set_client = utf8mb4 */;
CREATE TABLE `mst_leave` (
  `id` bigint NOT NULL AUTO_INCREMENT,
  `created_by` varchar(255) DEFAULT NULL,
  `created_date` datetime DEFAULT NULL,
  `last_modified_by` varchar(255) DEFAULT NULL,
  `last_modified_date` datetime DEFAULT NULL,
  `carry` bit(1) NOT NULL,
  `company_id` int DEFAULT NULL,
  `no_of_leave` int DEFAULT NULL,
  `status` bit(1) NOT NULL,
  `super_company_id` int DEFAULT NULL,
  `type_name` varchar(255) DEFAULT NULL,
  PRIMARY KEY (`id`)
) ENGINE=InnoDB AUTO_INCREMENT=5 DEFAULT CHARSET=utf8mb4 COLLATE=utf8mb4_0900_ai_ci;
/*!40101 SET character_set_client = @saved_cs_client */;

--
-- Dumping data for table `mst_leave`
--

LOCK TABLES `mst_leave` WRITE;
/*!40000 ALTER TABLE `mst_leave` DISABLE KEYS */;
INSERT INTO `mst_leave` VALUES (1,NULL,NULL,'admin','2025-04-08 17:00:59',_binary '',0,8,_binary '',1,'SL'),(2,NULL,NULL,'admin2','2025-04-09 10:31:30',_binary '\0',2,5,_binary '',1,'SL'),(3,'admin','2025-04-08 17:00:49','admin','2025-04-08 17:00:49',_binary '',0,12,_binary '',1,'CL'),(4,'admin2','2025-04-09 10:31:17','admin2','2025-04-09 10:31:17',_binary '',2,10,_binary '',1,'CL');
/*!40000 ALTER TABLE `mst_leave` ENABLE KEYS */;
UNLOCK TABLES;

--
-- Table structure for table `mst_leave_data`
--

DROP TABLE IF EXISTS `mst_leave_data`;
/*!40101 SET @saved_cs_client     = @@character_set_client */;
/*!50503 SET character_set_client = utf8mb4 */;
CREATE TABLE `mst_leave_data` (
  `id` int NOT NULL AUTO_INCREMENT,
  `created_by` varchar(255) DEFAULT NULL,
  `created_date` datetime DEFAULT NULL,
  `last_modified_by` varchar(255) DEFAULT NULL,
  `last_modified_date` datetime DEFAULT NULL,
  `leave_end_date` varchar(255) DEFAULT NULL,
  `leave_start_date` varchar(255) DEFAULT NULL,
  `user_id` bigint DEFAULT NULL,
  `no_of_days_leave` int DEFAULT NULL,
  `leave_type_id` int DEFAULT NULL,
  `status` varchar(255) DEFAULT NULL,
  `company_id` int DEFAULT NULL,
  `super_company_id` int DEFAULT NULL,
  `approved_by` varchar(255) DEFAULT NULL,
  `reason` varchar(255) DEFAULT NULL,
  PRIMARY KEY (`id`)
) ENGINE=InnoDB AUTO_INCREMENT=5 DEFAULT CHARSET=utf8mb4 COLLATE=utf8mb4_0900_ai_ci;
/*!40101 SET character_set_client = @saved_cs_client */;

--
-- Dumping data for table `mst_leave_data`
--

LOCK TABLES `mst_leave_data` WRITE;
/*!40000 ALTER TABLE `mst_leave_data` DISABLE KEYS */;
INSERT INTO `mst_leave_data` VALUES (1,'anonymousUser','2025-04-14 12:51:45','admin','2025-04-16 14:11:12','2025-04-22','2025-04-18',5,4,1,'A',0,1,'3',NULL),(3,'anonymousUser','2025-05-17 10:36:28','anonymousUser','2025-05-17 10:36:28','2025-05-19','2025-05-17',5,3,2,'O',0,1,NULL,NULL),(4,'anonymousUser','2025-05-17 10:45:37','anonymousUser','2025-05-17 10:45:37','2025-06-02','2025-05-29',5,5,2,'O',0,1,NULL,NULL);
/*!40000 ALTER TABLE `mst_leave_data` ENABLE KEYS */;
UNLOCK TABLES;

--
-- Table structure for table `mst_mode`
--

DROP TABLE IF EXISTS `mst_mode`;
/*!40101 SET @saved_cs_client     = @@character_set_client */;
/*!50503 SET character_set_client = utf8mb4 */;
CREATE TABLE `mst_mode` (
  `id` bigint NOT NULL AUTO_INCREMENT,
  `created_by` varchar(255) DEFAULT NULL,
  `created_date` datetime DEFAULT NULL,
  `last_modified_by` varchar(255) DEFAULT NULL,
  `last_modified_date` datetime DEFAULT NULL,
  `base_km` double DEFAULT NULL,
  `base_price` double DEFAULT NULL,
  `company_id` int DEFAULT NULL,
  `level_id` bigint DEFAULT NULL,
  `location_id` bigint DEFAULT NULL,
  `price_per_km` double DEFAULT NULL,
  `status` bit(1) NOT NULL,
  `super_company_id` int DEFAULT NULL,
  PRIMARY KEY (`id`)
) ENGINE=InnoDB AUTO_INCREMENT=5 DEFAULT CHARSET=utf8mb4 COLLATE=utf8mb4_0900_ai_ci;
/*!40101 SET character_set_client = @saved_cs_client */;

--
-- Dumping data for table `mst_mode`
--

LOCK TABLES `mst_mode` WRITE;
/*!40000 ALTER TABLE `mst_mode` DISABLE KEYS */;
INSERT INTO `mst_mode` VALUES (1,NULL,NULL,'superadmin','2025-04-07 16:12:08',1,12,0,1,1,5,_binary '',1),(2,NULL,NULL,'superadmin','2025-04-07 16:29:59',12,18,2,2,1,12,_binary '',1),(3,NULL,NULL,'admin','2025-04-08 17:18:51',3,10,0,3,1,5,_binary '',1),(4,'admin2','2025-04-09 10:45:35','admin2','2025-04-09 10:45:35',15,5,2,4,1,1,_binary '',1);
/*!40000 ALTER TABLE `mst_mode` ENABLE KEYS */;
UNLOCK TABLES;

--
-- Table structure for table `mst_plan`
--

DROP TABLE IF EXISTS `mst_plan`;
/*!40101 SET @saved_cs_client     = @@character_set_client */;
/*!50503 SET character_set_client = utf8mb4 */;
CREATE TABLE `mst_plan` (
  `id` int NOT NULL AUTO_INCREMENT,
  `created_by` varchar(255) DEFAULT NULL,
  `created_date` datetime DEFAULT NULL,
  `last_modified_by` varchar(255) DEFAULT NULL,
  `last_modified_date` datetime DEFAULT NULL,
  `add_no_of_company` int DEFAULT NULL,
  `add_no_of_user` int DEFAULT NULL,
  `commute_access` bit(1) NOT NULL,
  `editable` bit(1) NOT NULL,
  `finance_access` bit(1) NOT NULL,
  `plan_name` varchar(255) DEFAULT NULL,
  `price` double NOT NULL,
  `status` bit(1) NOT NULL,
  `validity` int DEFAULT NULL,
  `attendace_access` bit(1) NOT NULL,
  `leave_access` bit(1) NOT NULL,
  `biometric_attend` bit(1) NOT NULL,
  `tracking_access` bit(1) NOT NULL,
  PRIMARY KEY (`id`)
) ENGINE=InnoDB AUTO_INCREMENT=3 DEFAULT CHARSET=utf8mb4 COLLATE=utf8mb4_0900_ai_ci;
/*!40101 SET character_set_client = @saved_cs_client */;

--
-- Dumping data for table `mst_plan`
--

LOCK TABLES `mst_plan` WRITE;
/*!40000 ALTER TABLE `mst_plan` DISABLE KEYS */;
INSERT INTO `mst_plan` VALUES (1,'vareli','2025-04-02 14:38:18','vareli','2025-04-02 14:38:18',1,10,_binary '',_binary '',_binary '','SIMPLE PLAN',10,_binary '',90,_binary '',_binary '',_binary '',_binary '\0'),(2,NULL,NULL,'vareli','2025-04-02 14:51:01',1,10,_binary '\0',_binary '\0',_binary '','ABC',10,_binary '',12,_binary '',_binary '\0',_binary '',_binary '\0');
/*!40000 ALTER TABLE `mst_plan` ENABLE KEYS */;
UNLOCK TABLES;

--
-- Table structure for table `mst_role`
--

DROP TABLE IF EXISTS `mst_role`;
/*!40101 SET @saved_cs_client     = @@character_set_client */;
/*!50503 SET character_set_client = utf8mb4 */;
CREATE TABLE `mst_role` (
  `id` bigint NOT NULL AUTO_INCREMENT,
  `created_by` varchar(255) DEFAULT NULL,
  `created_date` datetime DEFAULT NULL,
  `last_modified_by` varchar(255) DEFAULT NULL,
  `last_modified_date` datetime DEFAULT NULL,
  `access` varchar(255) DEFAULT NULL,
  `company_id` int DEFAULT NULL,
  `name` varchar(255) NOT NULL,
  `status` bit(1) NOT NULL,
  `super_company_id` int DEFAULT NULL,
  PRIMARY KEY (`id`)
) ENGINE=InnoDB AUTO_INCREMENT=9 DEFAULT CHARSET=utf8mb4 COLLATE=utf8mb4_0900_ai_ci;
/*!40101 SET character_set_client = @saved_cs_client */;

--
-- Dumping data for table `mst_role`
--

LOCK TABLES `mst_role` WRITE;
/*!40000 ALTER TABLE `mst_role` DISABLE KEYS */;
INSERT INTO `mst_role` VALUES (1,NULL,NULL,'superadmin','2025-04-05 16:50:06','ADMIN',0,'ADMIN',_binary '',1),(2,NULL,NULL,'admin2','2025-04-09 10:29:52','ADMIN',2,'ADMIN',_binary '',1),(3,'superadmin','2025-04-08 14:23:38','superadmin','2025-04-08 14:23:38','USER',0,'USER',_binary '',1),(4,'admin','2025-04-08 16:51:43','admin','2025-04-08 16:51:43','HR',0,'HR',_binary '',1),(5,'admin2','2025-04-09 10:29:38','admin2','2025-04-09 10:29:38','HR',2,'HR',_binary '',1),(6,'admin2','2025-04-09 10:29:45','admin2','2025-04-09 10:29:45','USER',2,'USER',_binary '',1),(7,'admin','2025-04-16 14:20:38','admin','2025-04-16 14:20:38','HOD',0,'HOD',_binary '',1),(8,'admin','2025-04-17 15:38:18','admin','2025-04-17 15:38:18','FINANCE',0,'FINANCE',_binary '',1);
/*!40000 ALTER TABLE `mst_role` ENABLE KEYS */;
UNLOCK TABLES;

--
-- Table structure for table `mst_state`
--

DROP TABLE IF EXISTS `mst_state`;
/*!40101 SET @saved_cs_client     = @@character_set_client */;
/*!50503 SET character_set_client = utf8mb4 */;
CREATE TABLE `mst_state` (
  `id` int NOT NULL AUTO_INCREMENT,
  `country_id` int DEFAULT NULL,
  `name` varchar(255) DEFAULT NULL,
  `status` bit(1) NOT NULL,
  PRIMARY KEY (`id`)
) ENGINE=InnoDB AUTO_INCREMENT=2 DEFAULT CHARSET=utf8mb4 COLLATE=utf8mb4_0900_ai_ci;
/*!40101 SET character_set_client = @saved_cs_client */;

--
-- Dumping data for table `mst_state`
--

LOCK TABLES `mst_state` WRITE;
/*!40000 ALTER TABLE `mst_state` DISABLE KEYS */;
INSERT INTO `mst_state` VALUES (1,1,'WEST BENGAL',_binary '');
/*!40000 ALTER TABLE `mst_state` ENABLE KEYS */;
UNLOCK TABLES;

--
-- Table structure for table `mst_subcompany`
--

DROP TABLE IF EXISTS `mst_subcompany`;
/*!40101 SET @saved_cs_client     = @@character_set_client */;
/*!50503 SET character_set_client = utf8mb4 */;
CREATE TABLE `mst_subcompany` (
  `id` int NOT NULL AUTO_INCREMENT,
  `created_by` varchar(255) DEFAULT NULL,
  `created_date` datetime DEFAULT NULL,
  `last_modified_by` varchar(255) DEFAULT NULL,
  `last_modified_date` datetime DEFAULT NULL,
  `address` varchar(255) DEFAULT NULL,
  `city_id` int DEFAULT NULL,
  `country_id` int DEFAULT NULL,
  `email` varchar(255) DEFAULT NULL,
  `mobile` varchar(255) DEFAULT NULL,
  `name` varchar(255) DEFAULT NULL,
  `state_id` int DEFAULT NULL,
  `status` bit(1) NOT NULL,
  `super_company_id` int NOT NULL,
  PRIMARY KEY (`id`),
  KEY `FK9mtb6kgothce8xnbm8a28nslo` (`super_company_id`),
  CONSTRAINT `FK9mtb6kgothce8xnbm8a28nslo` FOREIGN KEY (`super_company_id`) REFERENCES `mst_supercompany` (`id`)
) ENGINE=InnoDB AUTO_INCREMENT=5 DEFAULT CHARSET=utf8mb4 COLLATE=utf8mb4_0900_ai_ci;
/*!40101 SET character_set_client = @saved_cs_client */;

--
-- Dumping data for table `mst_subcompany`
--

LOCK TABLES `mst_subcompany` WRITE;
/*!40000 ALTER TABLE `mst_subcompany` DISABLE KEYS */;
INSERT INTO `mst_subcompany` VALUES (1,'superadmin','2025-04-04 13:15:19','superadmin','2025-04-04 13:15:19','sdasdasdas',1,1,'swa@gmail.com','8017178277','testing Sub Company',1,_binary '',1),(2,'superadmin','2025-04-04 13:34:11','superadmin','2025-04-04 13:34:11','218 Bidhan Park\n2nd Floor',1,1,'swa@gmail.com','0801717827','Swarup Hait',1,_binary '',1),(3,'superadmin','2025-04-04 13:34:44','superadmin','2025-04-04 13:34:44','218 Bidhan Park\n2nd Floor',1,1,'saa@gmail.com','8017178277','hfgait',1,_binary '',1),(4,NULL,NULL,'superadmin','2025-04-04 14:21:15','218 Bidhan Park\ndfasdal,laksfoijfsaiosdahgfuyau',1,1,'ssdasd@gmail.com','0801717827','Tanuj Kumar Roy',1,_binary '',1);
/*!40000 ALTER TABLE `mst_subcompany` ENABLE KEYS */;
UNLOCK TABLES;

--
-- Table structure for table `mst_subscription`
--

DROP TABLE IF EXISTS `mst_subscription`;
/*!40101 SET @saved_cs_client     = @@character_set_client */;
/*!50503 SET character_set_client = utf8mb4 */;
CREATE TABLE `mst_subscription` (
  `id` int NOT NULL AUTO_INCREMENT,
  `created_by` varchar(255) DEFAULT NULL,
  `created_date` datetime DEFAULT NULL,
  `last_modified_by` varchar(255) DEFAULT NULL,
  `last_modified_date` datetime DEFAULT NULL,
  `add_no_of_company` int DEFAULT NULL,
  `add_no_of_user` int DEFAULT NULL,
  `attendace_access` bit(1) NOT NULL,
  `biometric_attend` bit(1) NOT NULL,
  `commute_access` bit(1) NOT NULL,
  `end_date` date DEFAULT NULL,
  `finance_access` bit(1) NOT NULL,
  `leave_access` bit(1) NOT NULL,
  `plan_id` int DEFAULT NULL,
  `plan_name` varchar(255) DEFAULT NULL,
  `price` double NOT NULL,
  `purchase_date` date DEFAULT NULL,
  `start_date` date DEFAULT NULL,
  `status` bit(1) NOT NULL,
  `super_company_id` int DEFAULT NULL,
  `validity` int DEFAULT NULL,
  PRIMARY KEY (`id`)
) ENGINE=InnoDB AUTO_INCREMENT=2 DEFAULT CHARSET=utf8mb4 COLLATE=utf8mb4_0900_ai_ci;
/*!40101 SET character_set_client = @saved_cs_client */;

--
-- Dumping data for table `mst_subscription`
--

LOCK TABLES `mst_subscription` WRITE;
/*!40000 ALTER TABLE `mst_subscription` DISABLE KEYS */;
INSERT INTO `mst_subscription` VALUES (1,'vareli','2025-04-04 13:13:53','vareli','2025-04-04 13:13:53',4,10,_binary '',_binary '',_binary '','2025-04-16',_binary '',_binary '',2,'ABC',0,'2025-04-04','2025-04-04',_binary '',1,12);
/*!40000 ALTER TABLE `mst_subscription` ENABLE KEYS */;
UNLOCK TABLES;

--
-- Table structure for table `mst_supercompany`
--

DROP TABLE IF EXISTS `mst_supercompany`;
/*!40101 SET @saved_cs_client     = @@character_set_client */;
/*!50503 SET character_set_client = utf8mb4 */;
CREATE TABLE `mst_supercompany` (
  `id` int NOT NULL AUTO_INCREMENT,
  `created_by` varchar(255) DEFAULT NULL,
  `created_date` datetime DEFAULT NULL,
  `last_modified_by` varchar(255) DEFAULT NULL,
  `last_modified_date` datetime DEFAULT NULL,
  `address` varchar(255) DEFAULT NULL,
  `city_id` int DEFAULT NULL,
  `country_id` int DEFAULT NULL,
  `email` varchar(255) DEFAULT NULL,
  `mobile` varchar(255) DEFAULT NULL,
  `name` varchar(255) DEFAULT NULL,
  `pin_code` int DEFAULT NULL,
  `state_id` int DEFAULT NULL,
  `status` bit(1) NOT NULL,
  `website` varchar(255) DEFAULT NULL,
  PRIMARY KEY (`id`)
) ENGINE=InnoDB AUTO_INCREMENT=2 DEFAULT CHARSET=utf8mb4 COLLATE=utf8mb4_0900_ai_ci;
/*!40101 SET character_set_client = @saved_cs_client */;

--
-- Dumping data for table `mst_supercompany`
--

LOCK TABLES `mst_supercompany` WRITE;
/*!40000 ALTER TABLE `mst_supercompany` DISABLE KEYS */;
INSERT INTO `mst_supercompany` VALUES (1,'vareli','2025-04-04 13:13:53','vareli','2025-04-04 13:13:53','218 Bidhan Park\n2nd Floor',1,1,'abc@gmail.com','8017178277','ABC COMPANY',NULL,1,_binary '',NULL);
/*!40000 ALTER TABLE `mst_supercompany` ENABLE KEYS */;
UNLOCK TABLES;

--
-- Table structure for table `mst_transport`
--

DROP TABLE IF EXISTS `mst_transport`;
/*!40101 SET @saved_cs_client     = @@character_set_client */;
/*!50503 SET character_set_client = utf8mb4 */;
CREATE TABLE `mst_transport` (
  `lvl_des_id` int NOT NULL AUTO_INCREMENT,
  `created_by` varchar(255) DEFAULT NULL,
  `created_date` datetime DEFAULT NULL,
  `last_modified_by` varchar(255) DEFAULT NULL,
  `last_modified_date` datetime DEFAULT NULL,
  `company_id` int DEFAULT NULL,
  `des` varchar(255) DEFAULT NULL,
  `document_required` bit(1) DEFAULT NULL,
  `price_required` bit(1) DEFAULT NULL,
  `status` bit(1) DEFAULT NULL,
  `super_company_id` int DEFAULT NULL,
  PRIMARY KEY (`lvl_des_id`)
) ENGINE=InnoDB AUTO_INCREMENT=5 DEFAULT CHARSET=utf8mb4 COLLATE=utf8mb4_0900_ai_ci;
/*!40101 SET character_set_client = @saved_cs_client */;

--
-- Dumping data for table `mst_transport`
--

LOCK TABLES `mst_transport` WRITE;
/*!40000 ALTER TABLE `mst_transport` DISABLE KEYS */;
INSERT INTO `mst_transport` VALUES (1,NULL,NULL,'admin','2025-04-08 17:15:04',0,'BUS',_binary '',_binary '',_binary '',1),(2,NULL,NULL,'admin2','2025-04-09 10:43:23',2,'BUS',_binary '',_binary '\0',_binary '',1),(3,'admin','2025-04-08 17:14:59','admin','2025-04-08 17:14:59',0,'AUTO',_binary '\0',_binary '',_binary '',1),(4,'admin2','2025-04-09 10:43:32','admin2','2025-04-09 10:43:32',2,'TRAIN',_binary '',_binary '',_binary '',1);
/*!40000 ALTER TABLE `mst_transport` ENABLE KEYS */;
UNLOCK TABLES;

--
-- Table structure for table `mst_user`
--

DROP TABLE IF EXISTS `mst_user`;
/*!40101 SET @saved_cs_client     = @@character_set_client */;
/*!50503 SET character_set_client = utf8mb4 */;
CREATE TABLE `mst_user` (
  `id` bigint NOT NULL AUTO_INCREMENT,
  `created_by` varchar(255) DEFAULT NULL,
  `created_date` datetime DEFAULT NULL,
  `last_modified_by` varchar(255) DEFAULT NULL,
  `last_modified_date` datetime DEFAULT NULL,
  `account_not_expired` bit(1) NOT NULL,
  `approval_level_id` int DEFAULT NULL,
  `bank_account_no` varchar(255) DEFAULT NULL,
  `bankifsccode` varchar(255) DEFAULT NULL,
  `bank_name` varchar(255) DEFAULT NULL,
  `bank_type` varchar(255) DEFAULT NULL,
  `company_id` int DEFAULT NULL,
  `dept_id` int DEFAULT NULL,
  `designation_id` int DEFAULT NULL,
  `device_id` varchar(255) DEFAULT NULL,
  `email` varchar(255) DEFAULT NULL,
  `employee_id` varchar(255) DEFAULT NULL,
  `enabled` bit(1) NOT NULL,
  `finance_access_area` varchar(255) DEFAULT NULL,
  `finance_auth` bigint DEFAULT NULL,
  `grade_id` int DEFAULT NULL,
  `hod` bigint DEFAULT NULL,
  `location_id` int DEFAULT NULL,
  `mobile` varchar(255) DEFAULT NULL,
  `name` varchar(255) DEFAULT NULL,
  `password` varchar(255) DEFAULT NULL,
  `qualification` varchar(255) DEFAULT NULL,
  `report_manager` bigint DEFAULT NULL,
  `role` varchar(255) DEFAULT NULL,
  `state_id` int DEFAULT NULL,
  `super_company_id` int DEFAULT NULL,
  `username` varchar(255) NOT NULL,
  `embedding` json DEFAULT NULL,
  `images` varchar(255) DEFAULT NULL,
  PRIMARY KEY (`id`)
) ENGINE=InnoDB AUTO_INCREMENT=10 DEFAULT CHARSET=utf8mb4 COLLATE=utf8mb4_0900_ai_ci;
/*!40101 SET character_set_client = @saved_cs_client */;

--
-- Dumping data for table `mst_user`
--

LOCK TABLES `mst_user` WRITE;
/*!40000 ALTER TABLE `mst_user` DISABLE KEYS */;
INSERT INTO `mst_user` VALUES (1,'anonymousUser','2025-04-02 12:27:29','anonymousUser','2025-04-02 12:27:29',_binary '\0',NULL,NULL,NULL,NULL,NULL,0,NULL,NULL,NULL,'vareli@gmail.com',NULL,_binary '',NULL,NULL,NULL,NULL,NULL,'8017178277','Vareli','$2a$10$u5ws4kStmJbT45Zhs/MaIOuH8v.jIcY02bmNZF3h/VvQhGVfvrpp.',NULL,NULL,'VARELI',NULL,0,'vareli',NULL,NULL),(2,NULL,NULL,'vareli','2025-04-03 14:44:35',_binary '',NULL,NULL,NULL,NULL,NULL,0,NULL,NULL,NULL,'superadmin@gmail.com',NULL,_binary '',NULL,NULL,NULL,NULL,NULL,'8017178277','Super Admin','$2a$10$eRSPSJWvl1J.h34wob8PKe/xrunDTydq8DkFHj6DCmXUoiw6a.UH2',NULL,NULL,'SUPERADMIN',NULL,1,'superadmin',NULL,NULL),(3,'superadmin','2025-04-08 11:58:52','admin','2025-04-17 15:37:01',_binary '',NULL,NULL,NULL,NULL,NULL,0,1,1,NULL,'admin@gmail.com',NULL,_binary '',NULL,NULL,NULL,NULL,1,'8017178277','admin','$2a$10$FESuMpZdSR3aQFIE1.tv9Ox1atGT6YE1QMj4MlGkFNV7DJTUEt3X6',NULL,NULL,'ADMIN',1,1,'admin',NULL,NULL),(4,NULL,NULL,'admin2','2025-04-09 11:32:37',_binary '',NULL,NULL,NULL,NULL,NULL,2,4,4,NULL,'admin2@gmail.com',NULL,_binary '',NULL,NULL,NULL,NULL,1,'8017178277','Admin 2','$2a$10$Fkge8Vx6ZmM3CW3WENLBEeiFHrmlqt9xJQijh4JD0rIZTQL4e5Qa6',NULL,NULL,'ADMIN',1,1,'admin2',NULL,NULL),(5,'superadmin','2025-04-08 15:30:58','admin','2025-04-17 16:52:45',_binary '',1,NULL,NULL,NULL,NULL,0,1,1,NULL,'swaruph@vareli.co.in','sasaa',_binary '',NULL,NULL,NULL,NULL,1,'8017178277','Swarup Hait','$2a$10$LNpAqO3Ca83v/zw2z0KQ5eFd4blbHGSANkxPR3kmZJphDJ9sZ7I.q','sa',NULL,'USER',1,1,'swaruph',NULL,NULL),(6,'admin','2025-04-08 17:56:35','anonymousUser','2025-05-17 18:37:19',_binary '',1,NULL,NULL,NULL,NULL,0,1,1,'e7bc624a1487a285','debdeeps@vareli.co.in','12345',_binary '',NULL,NULL,NULL,NULL,1,'8017178277','Debddep Sanyal','$2a$10$P.Ef3Hf7ht6zUF1ocuHCIOJ60bPRkuFMA4Fd2gqTdbGUMn9H2Idra','HS',NULL,'USER',1,1,'debdeeps',NULL,NULL),(7,'admin','2025-04-16 14:25:38','admin','2025-04-16 14:25:38',_binary '',1,NULL,NULL,NULL,NULL,0,1,1,NULL,'hod@gmail.com','1234',_binary '',NULL,NULL,NULL,NULL,1,'8017178277','HOD','$2a$10$gtOvJ174jfMQBbIQIlWYjOt28S6nknKkP8LX/NL1K893rqu3tUn8K','HS',NULL,'HOD',1,1,'hod',NULL,NULL),(8,'admin','2025-04-17 15:50:15','admin','2025-04-17 15:51:16',_binary '',NULL,NULL,NULL,NULL,NULL,0,1,NULL,NULL,'finance@gmail.com',NULL,_binary '',NULL,NULL,NULL,NULL,1,'8017178277','Finance','$2a$10$hZpzgcQ20OeKbVfJOOXLzOR32VW93ilk1jr/uVkJMHglsF7d1jK6m',NULL,NULL,'FINANCE',1,1,'finance',NULL,NULL),(9,'superadmin','2025-05-15 12:12:37','anonymousUser','2025-05-15 12:18:45',_binary '',1,NULL,NULL,NULL,NULL,0,1,1,'59df5304d893dc52','tanujkr@vareli.co.in','653',_binary '',NULL,NULL,NULL,NULL,1,'8017178277','Tanuj Kumar Roy','$2a$10$G5uUiGbZcg9vpx..jdG.BetmAMuRNKnzy7F7yPUEDrqgoLd2D6CwK','MCA',NULL,'USER',1,1,'tanujr',NULL,NULL);
/*!40000 ALTER TABLE `mst_user` ENABLE KEYS */;
UNLOCK TABLES;

--
-- Table structure for table `trn_advance_amt`
--

DROP TABLE IF EXISTS `trn_advance_amt`;
/*!40101 SET @saved_cs_client     = @@character_set_client */;
/*!50503 SET character_set_client = utf8mb4 */;
CREATE TABLE `trn_advance_amt` (
  `id` bigint NOT NULL AUTO_INCREMENT,
  `created_by` varchar(255) DEFAULT NULL,
  `created_date` datetime DEFAULT NULL,
  `last_modified_by` varchar(255) DEFAULT NULL,
  `last_modified_date` datetime DEFAULT NULL,
  `adv_amnt` double NOT NULL,
  `adv_date` date DEFAULT NULL,
  `company_id` int DEFAULT NULL,
  `purpose` varchar(255) DEFAULT NULL,
  `settled_amnt` double NOT NULL,
  `settled_date` date DEFAULT NULL,
  `status` varchar(255) DEFAULT NULL,
  `super_company_id` int DEFAULT NULL,
  `user_id` bigint DEFAULT NULL,
  PRIMARY KEY (`id`)
) ENGINE=InnoDB DEFAULT CHARSET=utf8mb4 COLLATE=utf8mb4_0900_ai_ci;
/*!40101 SET character_set_client = @saved_cs_client */;

--
-- Dumping data for table `trn_advance_amt`
--

LOCK TABLES `trn_advance_amt` WRITE;
/*!40000 ALTER TABLE `trn_advance_amt` DISABLE KEYS */;
/*!40000 ALTER TABLE `trn_advance_amt` ENABLE KEYS */;
UNLOCK TABLES;

--
-- Table structure for table `trn_appvl_data`
--

DROP TABLE IF EXISTS `trn_appvl_data`;
/*!40101 SET @saved_cs_client     = @@character_set_client */;
/*!50503 SET character_set_client = utf8mb4 */;
CREATE TABLE `trn_appvl_data` (
  `id` bigint NOT NULL AUTO_INCREMENT,
  `created_by` varchar(255) DEFAULT NULL,
  `created_date` datetime DEFAULT NULL,
  `last_modified_by` varchar(255) DEFAULT NULL,
  `last_modified_date` datetime DEFAULT NULL,
  `approve_by` varchar(255) DEFAULT NULL,
  `commute_id` bigint DEFAULT NULL,
  `date` varchar(255) DEFAULT NULL,
  `remarks` varchar(255) DEFAULT NULL,
  `time` varchar(255) DEFAULT NULL,
  `current_appvl_order` varchar(255) DEFAULT NULL,
  `prev_appvl_order` varchar(255) DEFAULT NULL,
  PRIMARY KEY (`id`)
) ENGINE=InnoDB AUTO_INCREMENT=6 DEFAULT CHARSET=utf8mb4 COLLATE=utf8mb4_0900_ai_ci;
/*!40101 SET character_set_client = @saved_cs_client */;

--
-- Dumping data for table `trn_appvl_data`
--

LOCK TABLES `trn_appvl_data` WRITE;
/*!40000 ALTER TABLE `trn_appvl_data` DISABLE KEYS */;
INSERT INTO `trn_appvl_data` VALUES (1,'admin','2025-04-11 12:50:45','admin','2025-04-11 12:50:45','admin',1,'2025-04-11','Disapproved By admin','12:50:45.157723700','D','2');
/*!40000 ALTER TABLE `trn_appvl_data` ENABLE KEYS */;
UNLOCK TABLES;

--
-- Table structure for table `trn_claim_amt`
--

DROP TABLE IF EXISTS `trn_claim_amt`;
/*!40101 SET @saved_cs_client     = @@character_set_client */;
/*!50503 SET character_set_client = utf8mb4 */;
CREATE TABLE `trn_claim_amt` (
  `id` bigint NOT NULL AUTO_INCREMENT,
  `created_by` varchar(255) DEFAULT NULL,
  `created_date` datetime DEFAULT NULL,
  `last_modified_by` varchar(255) DEFAULT NULL,
  `last_modified_date` datetime DEFAULT NULL,
  `adv_amnt` double NOT NULL,
  `adv_date` date DEFAULT NULL,
  `company_id` int DEFAULT NULL,
  `purpose` varchar(255) DEFAULT NULL,
  `settled_amnt` double NOT NULL,
  `settled_date` date DEFAULT NULL,
  `status` varchar(255) DEFAULT NULL,
  `super_company_id` int DEFAULT NULL,
  `user_id` bigint DEFAULT NULL,
  PRIMARY KEY (`id`)
) ENGINE=InnoDB DEFAULT CHARSET=utf8mb4 COLLATE=utf8mb4_0900_ai_ci;
/*!40101 SET character_set_client = @saved_cs_client */;

--
-- Dumping data for table `trn_claim_amt`
--

LOCK TABLES `trn_claim_amt` WRITE;
/*!40000 ALTER TABLE `trn_claim_amt` DISABLE KEYS */;
/*!40000 ALTER TABLE `trn_claim_amt` ENABLE KEYS */;
UNLOCK TABLES;

--
-- Table structure for table `trn_commute_details`
--

DROP TABLE IF EXISTS `trn_commute_details`;
/*!40101 SET @saved_cs_client     = @@character_set_client */;
/*!50503 SET character_set_client = utf8mb4 */;
CREATE TABLE `trn_commute_details` (
  `id` bigint NOT NULL AUTO_INCREMENT,
  `created_by` varchar(255) DEFAULT NULL,
  `created_date` datetime DEFAULT NULL,
  `last_modified_by` varchar(255) DEFAULT NULL,
  `last_modified_date` datetime DEFAULT NULL,
  `actual_price` double DEFAULT NULL,
  `api_status` bit(1) NOT NULL,
  `company_id` int DEFAULT NULL,
  `distance` double NOT NULL,
  `end_date` date DEFAULT NULL,
  `end_lat` double DEFAULT NULL,
  `end_location` varchar(255) DEFAULT NULL,
  `end_location_area` varchar(255) DEFAULT NULL,
  `end_long` double DEFAULT NULL,
  `end_time` time DEFAULT NULL,
  `estimate_price` double DEFAULT NULL,
  `images` varchar(255) DEFAULT NULL,
  `is_document_required` bit(1) NOT NULL,
  `is_price_required` bit(1) NOT NULL,
  `location_id` int DEFAULT NULL,
  `mode_id` int DEFAULT NULL,
  `mode_name` varchar(255) DEFAULT NULL,
  `start_date` date DEFAULT NULL,
  `start_lat` double DEFAULT NULL,
  `start_location` varchar(255) DEFAULT NULL,
  `start_location_area` varchar(255) DEFAULT NULL,
  `start_long` double DEFAULT NULL,
  `start_time` time DEFAULT NULL,
  `status` bit(1) NOT NULL,
  `time` bigint NOT NULL,
  `header_id` bigint NOT NULL,
  PRIMARY KEY (`id`),
  KEY `FK5mvo42pryrdjddwbprdmi15fn` (`header_id`),
  CONSTRAINT `FK5mvo42pryrdjddwbprdmi15fn` FOREIGN KEY (`header_id`) REFERENCES `mst_commute_header` (`id`)
) ENGINE=InnoDB DEFAULT CHARSET=utf8mb4 COLLATE=utf8mb4_0900_ai_ci;
/*!40101 SET character_set_client = @saved_cs_client */;

--
-- Dumping data for table `trn_commute_details`
--

LOCK TABLES `trn_commute_details` WRITE;
/*!40000 ALTER TABLE `trn_commute_details` DISABLE KEYS */;
/*!40000 ALTER TABLE `trn_commute_details` ENABLE KEYS */;
UNLOCK TABLES;

--
-- Dumping events for database 'vcommute-business'
--

--
-- Dumping routines for database 'vcommute-business'
--
/*!40103 SET TIME_ZONE=@OLD_TIME_ZONE */;

/*!40101 SET SQL_MODE=@OLD_SQL_MODE */;
/*!40014 SET FOREIGN_KEY_CHECKS=@OLD_FOREIGN_KEY_CHECKS */;
/*!40014 SET UNIQUE_CHECKS=@OLD_UNIQUE_CHECKS */;
/*!40101 SET CHARACTER_SET_CLIENT=@OLD_CHARACTER_SET_CLIENT */;
/*!40101 SET CHARACTER_SET_RESULTS=@OLD_CHARACTER_SET_RESULTS */;
/*!40101 SET COLLATION_CONNECTION=@OLD_COLLATION_CONNECTION */;
/*!40111 SET SQL_NOTES=@OLD_SQL_NOTES */;

-- Dump completed on 2025-05-17 18:50:43
